identifier	encoding	kind	kept	dropped
rosettaproject_aad_swadesh-1	utf-8	transcription	159	21
rosettaproject_aak_swadesh-1	utf-8	transcription	101	0
rosettaproject_aar_swadesh-1	utf-8	transcription	147	2
rosettaproject_aau_swadesh-1	utf-8	transcription	96	37
rosettaproject_abe_swadesh-1	utf-8	transcription	140	0
rosettaproject_abj_swadesh-1	utf-8	transcription	899	88
rosettaproject_abk_swadesh-1	utf-8	transcription	114	3
rosettaproject_abq_swadesh-1	utf-8	transcription	114	4
rosettaproject_abt_swadesh-1	utf-8	transcription	481	338
rosettaproject_abw_swadesh-1	utf-8	transcription	323	103
rosettaproject_aby_swadesh-1	utf-8	transcription	101	90
rosettaproject_abz_swadesh-1	utf-8	transcription	548	90
rosettaproject_ace_swadesh-1	utf-8	transcription	182	3
rosettaproject_ach_swadesh-1	utf-8	transcription	13	0
rosettaproject_aci_swadesh-1	utf-8	transcription	529	66
rosettaproject_ack_swadesh-1	utf-8	transcription	268	0
rosettaproject_acl_swadesh-1	utf-8	transcription	695	70
rosettaproject_acr_swadesh-1	utf-8	transcription	84	0
rosettaproject_acx_swadesh-1	utf-8	transcription	98	0
rosettaproject_ado_swadesh-1	utf-8	transcription	18	2
rosettaproject_ady_swadesh-1	utf-8	transcription	114	0
rosettaproject_aey_swadesh-1	utf-8	transcription	390	109
rosettaproject_afb_swadesh-1	utf-8	transcription	94	0
rosettaproject_afi_swadesh-1	utf-8	transcription	19	4
rosettaproject_afr_swadesh-1	utf-8	transcription	329	203
rosettaproject_aft_swadesh-1	utf-8	transcription	61	2
rosettaproject_afz_swadesh-1	utf-8	transcription	288	142
rosettaproject_agl_swadesh-1	utf-8	transcription	287	64
rosettaproject_ahg_swadesh-1	utf-8	transcription	96	0
rosettaproject_ahh_swadesh-1	utf-8	transcription	322	70
rosettaproject_aif_swadesh-1	utf-8	transcription	55	29
rosettaproject_ail_swadesh-1	utf-8	transcription	152	39
rosettaproject_ain_swadesh-1	utf-8	transcription	2555	4321
rosettaproject_aja_swadesh-1	utf-8	transcription	215	4
rosettaproject_akc_swadesh-1	utf-8	transcription	657	222
rosettaproject_akh_swadesh-1	utf-8	transcription	53	15
rosettaproject_aki_swadesh-1	utf-8	transcription	25	3
rosettaproject_akj_swadesh-1	utf-8	transcription	38	1
rosettaproject_akl_swadesh-1	utf-8	transcription	185	3
rosettaproject_akm_swadesh-1	utf-8	transcription	267	55
rosettaproject_akq_swadesh-1	utf-8	transcription	1	0
rosettaproject_akv_swadesh-1	utf-8	transcription	113	1
rosettaproject_akx_swadesh-1	utf-8	transcription	524	72
rosettaproject_aky_swadesh-1	utf-8	transcription	668	70
rosettaproject_alh_swadesh-1	utf-8	transcription	407	17
rosettaproject_ali_swadesh-1	utf-8	transcription	354	80
rosettaproject_als_swadesh-1	utf-8	transcription	150	0
rosettaproject_alw_swadesh-1	utf-8	transcription	95	0
rosettaproject_alx_swadesh-1	utf-8	transcription	76	15
rosettaproject_aly_swadesh-1	utf-8	transcription	299	12
rosettaproject_amf_swadesh-1	utf-8	transcription	106	0
rosettaproject_amg_swadesh-1	utf-8	transcription	241	12
rosettaproject_amh_swadesh-1	utf-8	transcription	118	3
rosettaproject_amj_swadesh-1	utf-8	transcription	34	0
rosettaproject_amm_swadesh-1	utf-8	transcription	490	19
rosettaproject_amn_swadesh-1	utf-8	transcription	21	0
rosettaproject_amp_swadesh-1	utf-8	transcription	419	23
rosettaproject_amt_swadesh-1	utf-8	transcription	246	95
rosettaproject_amy_swadesh-1	utf-8	transcription	141	13
rosettaproject_amz_swadesh-1	utf-8	transcription	486	347
rosettaproject_anc_swadesh-1	utf-8	transcription	72	0
rosettaproject_anh_swadesh-1	utf-8	transcription	383	57
rosettaproject_ani_swadesh-1	utf-8	transcription	113	0
rosettaproject_anj_swadesh-1	utf-8	transcription	106	2
rosettaproject_anq_swadesh-1	utf-8	transcription	1327	272
rosettaproject_anu_swadesh-1	utf-8	transcription	97	0
rosettaproject_anz_swadesh-1	utf-8	transcription	336	30
rosettaproject_aod_swadesh-1	utf-8	transcription	14	5
rosettaproject_aof_swadesh-1	utf-8	transcription	20	0
rosettaproject_aog_swadesh-1	utf-8	transcription	459	183
rosettaproject_aoi_swadesh-1	utf-8	transcription	306	2
rosettaproject_aoj_swadesh-1	utf-8	transcription	3	0
rosettaproject_aon_swadesh-1	utf-8	transcription	15	0
rosettaproject_aos_swadesh-1	utf-8	transcription	809	106
rosettaproject_ape_swadesh-1	utf-8	transcription	246	42
rosettaproject_apq_swadesh-1	utf-8	transcription	933	96
rosettaproject_apz_swadesh-1	utf-8	transcription	103	0
rosettaproject_aqm_swadesh-1	utf-8	transcription	120	92
rosettaproject_arb_swadesh-1	utf-8	transcription	228	0
rosettaproject_are_swadesh-1	utf-8	transcription	204	19
rosettaproject_arg_swadesh-1	utf-8	transcription	106	0
rosettaproject_arq_swadesh-1	utf-8	transcription	105	1
rosettaproject_arv_swadesh-1	utf-8	transcription	91	0
rosettaproject_arw_swadesh-1	utf-8	transcription	245	0
rosettaproject_arz_swadesh-1	utf-8	transcription	100	0
rosettaproject_asc_swadesh-1	utf-8	transcription	377	189
rosettaproject_asd_swadesh-1	utf-8	transcription	340	117
rosettaproject_asi_swadesh-1	utf-8	transcription	180	22
rosettaproject_aso_swadesh-1	utf-8	transcription	267	53
rosettaproject_asv_swadesh-1	utf-8	transcription	208	11
rosettaproject_asx_swadesh-1	utf-8	transcription	53	0
rosettaproject_ata_swadesh-1	utf-8	transcription	283	7
rosettaproject_ate_swadesh-1	utf-8	transcription	397	70
rosettaproject_auk_swadesh-1	utf-8	transcription	54	23
rosettaproject_aun_swadesh-1	utf-8	transcription	60	37
rosettaproject_auw_swadesh-1	utf-8	transcription	643	117
rosettaproject_auy_swadesh-1	utf-8	transcription	693	142
rosettaproject_ava_swadesh-1	utf-8	transcription	114	0
rosettaproject_avl_swadesh-1	utf-8	transcription	100	0
rosettaproject_avt_swadesh-1	utf-8	transcription	176	34
rosettaproject_awb_swadesh-1	utf-8	transcription	611	89
rosettaproject_awi_swadesh-1	utf-8	transcription	107	6
rosettaproject_awm_swadesh-1	utf-8	transcription	359	81
rosettaproject_awn_swadesh-1	utf-8	transcription	97	0
rosettaproject_awr_swadesh-1	utf-8	transcription	294	84
rosettaproject_awx_swadesh-1	utf-8	transcription	48	0
rosettaproject_aya_swadesh-1	utf-8	transcription	91	5
rosettaproject_ayz_swadesh-1	utf-8	transcription	719	221
rosettaproject_bam_swadesh-1	utf-8	transcription	285	6
rosettaproject_ban_swadesh-1	utf-8	transcription	180	3
rosettaproject_bbc_swadesh-1	utf-8	transcription	197	3
rosettaproject_bbd_swadesh-1	utf-8	transcription	390	115
rosettaproject_bbf_swadesh-1	utf-8	transcription	280	16
rosettaproject_bbl_swadesh-1	utf-8	transcription	118	0
rosettaproject_bbr_swadesh-1	utf-8	transcription	394	98
rosettaproject_bdh_swadesh-1	utf-8	transcription	24	1
rosettaproject_bdi_swadesh-1	utf-8	transcription	95	0
rosettaproject_bdq_swadesh-1	utf-8	transcription	91	1
rosettaproject_bds_swadesh-1	utf-8	transcription	188	1
rosettaproject_bdw_swadesh-1	utf-8	transcription	351	68
rosettaproject_bdy_swadesh-1	utf-8	transcription	785	143
rosettaproject_bef_swadesh-1	utf-8	transcription	255	6
rosettaproject_bej_swadesh-1	utf-8	transcription	130	1
rosettaproject_beo_swadesh-1	utf-8	transcription	429	142
rosettaproject_beu_swadesh-1	utf-8	transcription	629	255
rosettaproject_bey_swadesh-1	utf-8	transcription	73	28
rosettaproject_bfa_swadesh-1	utf-8	transcription	11	0
rosettaproject_bfn_swadesh-1	utf-8	transcription	305	58
rosettaproject_bfw_swadesh-1	utf-8	transcription	95	0
rosettaproject_bgo_swadesh-1	utf-8	transcription	24	0
rosettaproject_bgv_swadesh-1	utf-8	transcription	109	56
rosettaproject_bhf_swadesh-1	utf-8	transcription	573	41
rosettaproject_bhg_swadesh-1	utf-8	transcription	740	223
rosettaproject_bhl_swadesh-1	utf-8	transcription	45	0
rosettaproject_bhq_swadesh-1	utf-8	transcription	232	0
rosettaproject_bic_swadesh-1	utf-8	transcription	98	84
rosettaproject_bie_swadesh-1	utf-8	transcription	374	74
rosettaproject_bif_swadesh-1	utf-8	transcription	132	2
rosettaproject_bio_swadesh-1	utf-8	transcription	300	9
rosettaproject_bir_swadesh-1	utf-8	transcription	254	132
rosettaproject_bjc_swadesh-1	utf-8	transcription	32	26
rosettaproject_bjd_swadesh-1	utf-8	transcription	103	59
rosettaproject_bjg_swadesh-1	utf-8	transcription	323	19
rosettaproject_bjh_swadesh-1	utf-8	transcription	163	36
rosettaproject_bji_swadesh-1	utf-8	transcription	142	2
rosettaproject_bjr_swadesh-1	utf-8	transcription	186	41
rosettaproject_bjy_swadesh-1	utf-8	transcription	152	8
rosettaproject_bkc_swadesh-1	utf-8	transcription	326	2
rosettaproject_bkl_swadesh-1	utf-8	transcription	842	394
rosettaproject_blb_swadesh-1	utf-8	transcription	661	340
rosettaproject_ble_swadesh-1	utf-8	transcription	136	3
rosettaproject_blr_swadesh-1	utf-8	transcription	98	0
rosettaproject_bmd_swadesh-1	utf-8	transcription	28	1
rosettaproject_bmh_swadesh-1	utf-8	transcription	357	115
rosettaproject_bmi_swadesh-1	utf-8	transcription	241	15
rosettaproject_bmu_swadesh-1	utf-8	transcription	335	255
rosettaproject_bmx_swadesh-1	utf-8	transcription	355	133
rosettaproject_bnv_swadesh-1	utf-8	transcription	105	35
rosettaproject_bod_swadesh-1	utf-8	transcription	139	0
rosettaproject_boj_swadesh-1	utf-8	transcription	357	92
rosettaproject_bon_swadesh-1	utf-8	transcription	1263	1476
rosettaproject_bop_swadesh-1	utf-8	transcription	2	0
rosettaproject_boq_swadesh-1	utf-8	transcription	308	70
rosettaproject_bot_swadesh-1	utf-8	transcription	62	1
rosettaproject_bpi_swadesh-1	utf-8	transcription	366	105
rosettaproject_bpm_swadesh-1	utf-8	transcription	315	129
rosettaproject_bpp_swadesh-1	utf-8	transcription	462	254
rosettaproject_bps_swadesh-1	utf-8	transcription	183	3
rosettaproject_bpu_swadesh-1	utf-8	transcription	365	119
rosettaproject_bpv_swadesh-1	utf-8	transcription	142	15
rosettaproject_bpw_swadesh-1	utf-8	transcription	337	99
rosettaproject_bql_swadesh-1	utf-8	transcription	324	127
rosettaproject_bqq_swadesh-1	utf-8	transcription	266	153
rosettaproject_bqs_swadesh-1	utf-8	transcription	120	7
rosettaproject_brh_swadesh-1	utf-8	transcription	33	0
rosettaproject_brp_swadesh-1	utf-8	transcription	53	39
rosettaproject_brq_swadesh-1	utf-8	transcription	20	4
rosettaproject_brv_swadesh-1	utf-8	transcription	90	1
rosettaproject_bsk_swadesh-1	utf-8	transcription	1791	372
rosettaproject_bsp_swadesh-1	utf-8	transcription	28	1
rosettaproject_bst_swadesh-1	utf-8	transcription	97	0
rosettaproject_bsw_swadesh-1	utf-8	transcription	84	0
rosettaproject_bug_swadesh-1	utf-8	transcription	185	3
rosettaproject_bul_swadesh-1	utf-8	transcription	409	0
rosettaproject_bun_swadesh-1	utf-8	transcription	423	9
rosettaproject_buo_swadesh-1	utf-8	transcription	399	111
rosettaproject_buq_swadesh-1	utf-8	transcription	343	110
rosettaproject_but_swadesh-1	utf-8	transcription	157	5
rosettaproject_buy_swadesh-1	utf-8	transcription	134	1
rosettaproject_bvn_swadesh-1	utf-8	transcription	312	37
rosettaproject_bvr_swadesh-1	utf-8	transcription	395	14
rosettaproject_bvz_swadesh-1	utf-8	transcription	460	195
rosettaproject_bwk_swadesh-1	utf-8	transcription	71	64
rosettaproject_bwo_swadesh-1	utf-8	transcription	100	0
rosettaproject_bxe_swadesh-1	utf-8	transcription	414	18
rosettaproject_bxi_swadesh-1	utf-8	transcription	32	0
rosettaproject_bxz_swadesh-1	utf-8	transcription	164	93
rosettaproject_bye_swadesh-1	utf-8	transcription	73	22
rosettaproject_bym_swadesh-1	utf-8	transcription	265	206
rosettaproject_byn_swadesh-1	utf-8	transcription	96	0
rosettaproject_byr_swadesh-1	utf-8	transcription	101	0
rosettaproject_byt_swadesh-1	utf-8	transcription	212	3
rosettaproject_byx_swadesh-1	utf-8	transcription	364	49
rosettaproject_byz_swadesh-1	utf-8	transcription	201	10
rosettaproject_bzf_swadesh-1	utf-8	transcription	575	200
rosettaproject_bzh_swadesh-1	utf-8	transcription	181	2
rosettaproject_bzp_swadesh-1	utf-8	transcription	628	213
rosettaproject_bzr_swadesh-1	utf-8	transcription	291	134
rosettaproject_bzu_swadesh-1	utf-8	transcription	316	106
rosettaproject_caa_swadesh-1	utf-8	transcription	144	0
rosettaproject_cac_swadesh-1	utf-8	transcription	142	2
rosettaproject_cae_swadesh-1	utf-8	transcription	135	0
rosettaproject_cak_swadesh-1	utf-8	transcription	143	1
rosettaproject_can_swadesh-1	utf-8	transcription	227	20
rosettaproject_car_swadesh-1	utf-8	transcription	224	0
rosettaproject_cat_swadesh-1	utf-8	transcription	150	0
rosettaproject_ccp_swadesh-1	utf-8	transcription	100	0
rosettaproject_ceb_swadesh-1	utf-8	transcription	248	101
rosettaproject_ces_swadesh-1	utf-8	transcription	119	2
rosettaproject_cgc_swadesh-1	utf-8	transcription	183	3
rosettaproject_che_swadesh-1	utf-8	transcription	115	0
rosettaproject_chr_swadesh-1	utf-8	transcription	35	0
rosettaproject_chy_swadesh-1	utf-8	transcription	188	2
rosettaproject_cji_swadesh-1	utf-8	transcription	115	1
rosettaproject_cjn_swadesh-1	utf-8	transcription	15	1
rosettaproject_cjv_swadesh-1	utf-8	transcription	200	97
rosettaproject_cmn_swadesh-2	utf-8	transcription	101	0
rosettaproject_cns_swadesh-1	utf-8	transcription	847	391
rosettaproject_cog_swadesh-1	utf-8	transcription	94	0
rosettaproject_cra_swadesh-1	utf-8	transcription	61	0
rosettaproject_crk_swadesh-1	utf-8	transcription	183	0
rosettaproject_crw_swadesh-1	utf-8	transcription	89	2
rosettaproject_css_swadesh-1	utf-8	transcription	96	0
rosettaproject_dad_swadesh-1	utf-8	transcription	182	2
rosettaproject_daj_swadesh-1	utf-8	transcription	320	54
rosettaproject_dal_swadesh-1	utf-8	transcription	225	2
rosettaproject_dan_swadesh-1	utf-8	transcription	226	3
rosettaproject_dar_swadesh-1	utf-8	transcription	215	7
rosettaproject_dau_swadesh-1	utf-8	transcription	177	6
rosettaproject_dax_swadesh-1	utf-8	transcription	261	9
rosettaproject_dba_swadesh-1	utf-8	transcription	94	54
rosettaproject_dbe_swadesh-1	utf-8	transcription	84	0
rosettaproject_dbf_swadesh-1	utf-8	transcription	248	132
rosettaproject_dbl_swadesh-1	utf-8	transcription	262	347
rosettaproject_ddg_swadesh-1	utf-8	transcription	397	82
rosettaproject_ddj_swadesh-1	utf-8	transcription	222	11
rosettaproject_ddo_swadesh-1	utf-8	transcription	117	2
rosettaproject_dec_swadesh-1	utf-8	transcription	149	6
rosettaproject_ded_swadesh-1	utf-8	transcription	223	96
rosettaproject_deg_swadesh-1	utf-8	transcription	110	0
rosettaproject_dei_swadesh-1	utf-8	transcription	131	64
rosettaproject_dem_swadesh-1	utf-8	transcription	235	24
rosettaproject_deu_swadesh-1	utf-8	transcription	242	16
rosettaproject_dev_swadesh-1	utf-8	transcription	51	0
rosettaproject_dge_swadesh-1	utf-8	transcription	51	0
rosettaproject_dgh_swadesh-1	utf-8	transcription	69	0
rosettaproject_dgz_swadesh-1	utf-8	transcription	278	91
rosettaproject_dhg_swadesh-1	utf-8	transcription	634	420
rosettaproject_dhu_swadesh-1	utf-8	transcription	120	1
rosettaproject_dia_swadesh-1	utf-8	transcription	126	56
rosettaproject_dif_swadesh-1	utf-8	transcription	331	32
rosettaproject_dih_swadesh-1	utf-8	transcription	13	1
rosettaproject_dim_swadesh-1	utf-8	transcription	115	0
rosettaproject_djb_swadesh-1	utf-8	transcription	236	12
rosettaproject_djd_swadesh-1	utf-8	transcription	99	32
rosettaproject_dje_swadesh-1	utf-8	transcription	243	10
rosettaproject_dji_swadesh-1	utf-8	transcription	395	19
rosettaproject_djj_swadesh-1	utf-8	transcription	548	54
rosettaproject_djn_swadesh-1	utf-8	transcription	242	3
rosettaproject_djr_swadesh-1	utf-8	transcription	29	0
rosettaproject_dju_swadesh-1	utf-8	transcription	167	29
rosettaproject_dmc_swadesh-1	utf-8	transcription	392	75
rosettaproject_dmu_swadesh-1	utf-8	transcription	327	96
rosettaproject_dmy_swadesh-1	utf-8	transcription	450	170
rosettaproject_dna_swadesh-1	utf-8	transcription	67	1
rosettaproject_dnd_swadesh-1	utf-8	transcription	176	22
rosettaproject_dni_swadesh-1	utf-8	transcription	285	224
rosettaproject_dnr_swadesh-1	utf-8	transcription	374	81
rosettaproject_dnt_swadesh-1	utf-8	transcription	268	32
rosettaproject_dnw_swadesh-1	utf-8	transcription	642	234
rosettaproject_doa_swadesh-1	utf-8	transcription	209	74
rosettaproject_dof_swadesh-1	utf-8	transcription	146	68
rosettaproject_dol_swadesh-1	utf-8	transcription	107	32
rosettaproject_doo_swadesh-1	utf-8	transcription	223	4
rosettaproject_dox_swadesh-1	utf-8	transcription	95	0
rosettaproject_doz_swadesh-1	utf-8	transcription	97	0
rosettaproject_drl_swadesh-1	utf-8	transcription	370	69
rosettaproject_drr_swadesh-1	utf-8	transcription	18	0
rosettaproject_dru_swadesh-1	utf-8	transcription	183	3
rosettaproject_dsh_swadesh-1	utf-8	transcription	176	1
rosettaproject_dsq_swadesh-1	utf-8	transcription	175	0
rosettaproject_duc_swadesh-1	utf-8	transcription	135	83
rosettaproject_duj_swadesh-1	utf-8	transcription	551	41
rosettaproject_duk_swadesh-1	utf-8	transcription	356	128
rosettaproject_duv_swadesh-1	utf-8	transcription	388	129
rosettaproject_dyo_swadesh-1	utf-8	transcription	368	6
rosettaproject_dyy_swadesh-1	utf-8	transcription	329	8
rosettaproject_dzg_swadesh-1	utf-8	transcription	325	7
rosettaproject_eip_swadesh-1	utf-8	transcription	326	108
rosettaproject_eit_swadesh-1	utf-8	transcription	20	0
rosettaproject_eiv_swadesh-1	utf-8	transcription	149	6
rosettaproject_ekg_swadesh-1	utf-8	transcription	1230	445
rosettaproject_ele_swadesh-1	utf-8	transcription	175	33
rosettaproject_eli_swadesh-1	utf-8	transcription	199	0
rosettaproject_elk_swadesh-1	utf-8	transcription	67	33
rosettaproject_ell_swadesh-1	utf-8	transcription	207	0
rosettaproject_ena_swadesh-1	utf-8	transcription	412	55
rosettaproject_eng_swadesh-2	utf-8	gloss-only	207	0
rosettaproject_enq_swadesh-1	utf-8	transcription	723	518
rosettaproject_enr_swadesh-1	utf-8	transcription	214	50
rosettaproject_epo_swadesh-1	utf-8	transcription	211	0
rosettaproject_eri_swadesh-1	utf-8	transcription	382	103
rosettaproject_ert_swadesh-1	utf-8	transcription	250	185
rosettaproject_etr_swadesh-1	utf-8	transcription	170	31
rosettaproject_etz_swadesh-1	utf-8	transcription	197	55
rosettaproject_eus_swadesh-1	utf-8	transcription	174	0
rosettaproject_faa_swadesh-1	utf-8	transcription	397	212
rosettaproject_fad_swadesh-1	utf-8	transcription	360	122
rosettaproject_fag_swadesh-1	utf-8	transcription	52	0
rosettaproject_fai_swadesh-1	utf-8	transcription	119	4
rosettaproject_faj_swadesh-1	utf-8	transcription	321	120
rosettaproject_fao_swadesh-1	utf-8	transcription	60	0
rosettaproject_fap_swadesh-1	utf-8	transcription	133	1
rosettaproject_fau_swadesh-1	utf-8	transcription	293	176
rosettaproject_fgr_swadesh-1	utf-8	transcription	50	0
rosettaproject_fij_swadesh-1	utf-8	transcription	184	2
rosettaproject_fin_swadesh-1	utf-8	transcription	210	0
rosettaproject_flh_swadesh-1	utf-8	transcription	42	44
rosettaproject_foi_swadesh-1	utf-8	transcription	621	188
rosettaproject_for_swadesh-1	utf-8	transcription	232	1
rosettaproject_fqs_swadesh-1	utf-8	transcription	322	29
rosettaproject_fra_swadesh-3	utf-8	transcription	247	10
rosettaproject_fuc_swadesh-1	utf-8	transcription	164	31
rosettaproject_fuj_swadesh-1	utf-8	transcription	298	3
rosettaproject_fuv_swadesh-1	utf-8	transcription	133	0
rosettaproject_fuy_swadesh-1	utf-8	transcription	596	353
rosettaproject_fvr_swadesh-1	utf-8	transcription	478	41
rosettaproject_gaf_swadesh-1	utf-8	transcription	351	106
rosettaproject_gag_swadesh-1	utf-8	transcription	200	0
rosettaproject_gah_swadesh-1	utf-8	transcription	389	133
rosettaproject_gai_swadesh-1	utf-8	transcription	101	8
rosettaproject_gao_swadesh-1	utf-8	transcription	7	0
rosettaproject_gap_swadesh-1	utf-8	transcription	350	120
rosettaproject_gaw_swadesh-1	utf-8	transcription	327	163
rosettaproject_gax_swadesh-1	utf-8	transcription	97	0
rosettaproject_gaz_swadesh-1	utf-8	transcription	115	5
rosettaproject_gbb_swadesh-1	utf-8	transcription	100	2
rosettaproject_gbc_swadesh-1	utf-8	transcription	263	28
rosettaproject_gbd_swadesh-1	utf-8	transcription	108	1
rosettaproject_gbe_swadesh-1	utf-8	transcription	310	17
rosettaproject_gbi_swadesh-1	utf-8	transcription	755	224
rosettaproject_gbp_swadesh-1	utf-8	transcription	292	6
rosettaproject_gbu_swadesh-1	utf-8	transcription	514	19
rosettaproject_gcn_swadesh-1	utf-8	transcription	14	5
rosettaproject_gdb_swadesh-1	utf-8	transcription	74	0
rosettaproject_gdh_swadesh-1	utf-8	transcription	16	0
rosettaproject_gdl_swadesh-1	utf-8	transcription	96	0
rosettaproject_gdn_swadesh-1	utf-8	transcription	91	87
rosettaproject_gdr_swadesh-1	utf-8	transcription	1232	512
rosettaproject_geb_swadesh-1	utf-8	transcription	447	68
rosettaproject_gez_swadesh-1	utf-8	transcription	110	0
rosettaproject_gft_swadesh-1	utf-8	transcription	88	0
rosettaproject_ggd_swadesh-1	utf-8	transcription	94	1
rosettaproject_gge_swadesh-1	utf-8	transcription	272	7
rosettaproject_ggk_swadesh-1	utf-8	transcription	253	5
rosettaproject_ggl_swadesh-1	utf-8	transcription	358	103
rosettaproject_ggw_swadesh-1	utf-8	transcription	768	500
rosettaproject_ghs_swadesh-1	utf-8	transcription	63	1
rosettaproject_gia_swadesh-1	utf-8	transcription	28	6
rosettaproject_gil_swadesh-1	utf-8	transcription	183	2
rosettaproject_gim_swadesh-1	utf-8	transcription	171	1
rosettaproject_gin_swadesh-1	utf-8	transcription	111	2
rosettaproject_gla_swadesh-1	utf-8	transcription	263	0
rosettaproject_gle_swadesh-1	utf-8	transcription	211	4
rosettaproject_glg_swadesh-1	utf-8	transcription	212	3
rosettaproject_gli_swadesh-1	utf-8	transcription	41	0
rosettaproject_gly_swadesh-1	utf-8	transcription	127	1
rosettaproject_gma_swadesh-1	utf-8	transcription	19	0
rosettaproject_gmu_swadesh-1	utf-8	transcription	372	95
rosettaproject_gni_swadesh-1	utf-8	transcription	253	6
rosettaproject_gnl_swadesh-1	utf-8	transcription	260	156
rosettaproject_gnn_swadesh-1	utf-8	transcription	235	16
rosettaproject_gno_swadesh-1	utf-8	transcription	82	0
rosettaproject_gnr_swadesh-1	utf-8	transcription	425	121
rosettaproject_gnu_swadesh-1	utf-8	transcription	1	0
rosettaproject_goi_swadesh-1	utf-8	transcription	617	255
rosettaproject_gol_swadesh-1	utf-8	transcription	79	1
rosettaproject_gor_swadesh-1	utf-8	transcription	363	5
rosettaproject_gow_swadesh-1	utf-8	transcription	104	0
rosettaproject_gpn_swadesh-1	utf-8	transcription	272	11
rosettaproject_gsn_swadesh-1	utf-8	transcription	53	0
rosettaproject_gsp_swadesh-1	utf-8	transcription	350	61
rosettaproject_guf_swadesh-1	utf-8	transcription	487	310
rosettaproject_guj_swadesh-1	utf-8	transcription	71	0
rosettaproject_guk_swadesh-1	utf-8	transcription	875	287
rosettaproject_gup_swadesh-1	utf-8	transcription	439	20
rosettaproject_guz_swadesh-1	utf-8	transcription	79	0
rosettaproject_gvf_swadesh-1	utf-8	transcription	39	0
rosettaproject_gvn_swadesh-1	utf-8	transcription	119	4
rosettaproject_gvr_swadesh-1	utf-8	transcription	113	0
rosettaproject_gwd_swadesh-1	utf-8	transcription	460	17
rosettaproject_gwu_swadesh-1	utf-8	transcription	84	1
rosettaproject_gww_swadesh-1	utf-8	transcription	18	0
rosettaproject_gyb_swadesh-1	utf-8	transcription	373	101
rosettaproject_gyy_swadesh-1	utf-8	transcription	276	10
rosettaproject_gza_swadesh-1	utf-8	transcription	97	0
rosettaproject_had_swadesh-1	utf-8	transcription	581	67
rosettaproject_hae_swadesh-1	utf-8	transcription	98	0
rosettaproject_ham_swadesh-1	utf-8	transcription	260	85
rosettaproject_har_swadesh-1	utf-8	transcription	248	5
rosettaproject_hat_swadesh-1	utf-8	transcription	208	0
rosettaproject_hbn_swadesh-1	utf-8	transcription	447	40
rosettaproject_hbo_swadesh-1	utf-8	transcription	141	0
rosettaproject_hdy_swadesh-1	utf-8	transcription	141	2
rosettaproject_hih_swadesh-1	utf-8	transcription	348	66
rosettaproject_hil_swadesh-1	utf-8	transcription	210	0
rosettaproject_hin_swadesh-2	utf-8	transcription	125	1
rosettaproject_hmt_swadesh-1	utf-8	transcription	120	0
rosettaproject_hts_swadesh-1	utf-8	transcription	262	9
rosettaproject_huf_swadesh-1	utf-8	transcription	440	13
rosettaproject_hui_swadesh-1	utf-8	transcription	469	156
rosettaproject_hun_swadesh-1	utf-8	transcription	221	1
rosettaproject_hun_swadesh-2	cp1250	translation	202	0
rosettaproject_huz_swadesh-1	utf-8	transcription	114	4
rosettaproject_hye_swadesh-1	utf-8	transcription	81	0
rosettaproject_ian_swadesh-1	utf-8	transcription	509	347
rosettaproject_iar_swadesh-1	utf-8	transcription	483	136
rosettaproject_ibd_swadesh-1	utf-8	transcription	342	29
rosettaproject_ibu_swadesh-1	utf-8	transcription	25	25
rosettaproject_idi_swadesh-1	utf-8	transcription	80	0
rosettaproject_ihp_swadesh-1	utf-8	transcription	767	279
rosettaproject_ikx_swadesh-1	utf-8	transcription	110	2
rosettaproject_imi_swadesh-1	utf-8	transcription	388	80
rosettaproject_imn_swadesh-1	utf-8	transcription	315	10
rosettaproject_imo_swadesh-1	utf-8	transcription	132	35
rosettaproject_iou_swadesh-1	utf-8	transcription	50	0
rosettaproject_ipo_swadesh-1	utf-8	transcription	252	41
rosettaproject_irh_swadesh-1	utf-8	transcription	177	2
rosettaproject_irk_swadesh-1	utf-8	transcription	454	0
rosettaproject_irx_swadesh-1	utf-8	transcription	218	44
rosettaproject_isa_swadesh-1	utf-8	transcription	274	121
rosettaproject_isd_swadesh-1	utf-8	transcription	184	3
rosettaproject_isl_swadesh-1	utf-8	transcription	177	5
rosettaproject_ita_swadesh-1	utf-8	transcription	281	102
rosettaproject_itr_swadesh-1	utf-8	transcription	122	25
rosettaproject_itx_swadesh-1	utf-8	transcription	335	140
rosettaproject_iwm_swadesh-1	utf-8	transcription	160	42
rosettaproject_jac_swadesh-1	utf-8	transcription	143	1
rosettaproject_jae_swadesh-1	utf-8	transcription	182	2
rosettaproject_jao_swadesh-1	utf-8	transcription	398	23
rosettaproject_jaq_swadesh-1	utf-8	transcription	335	92
rosettaproject_jav_swadesh-1	utf-8	transcription	201	5
rosettaproject_jay_swadesh-1	utf-8	transcription	264	28
rosettaproject_jbj_swadesh-1	utf-8	transcription	556	181
rosettaproject_jbn_swadesh-1	utf-8	transcription	99	0
rosettaproject_jeh_swadesh-1	utf-8	transcription	90	0
rosettaproject_jei_swadesh-1	utf-8	transcription	346	17
rosettaproject_jel_swadesh-1	utf-8	transcription	503	132
rosettaproject_jet_swadesh-1	utf-8	transcription	664	108
rosettaproject_jig_swadesh-1	utf-8	transcription	391	20
rosettaproject_jil_swadesh-1	utf-8	transcription	343	106
rosettaproject_jko_swadesh-1	utf-8	transcription	247	21
rosettaproject_jle_swadesh-1	utf-8	transcription	199	0
rosettaproject_jma_swadesh-1	utf-8	transcription	62	14
rosettaproject_jmi_swadesh-1	utf-8	transcription	50	0
rosettaproject_jng_swadesh-1	utf-8	transcription	240	5
rosettaproject_jnj_swadesh-1	utf-8	transcription	97	0
rosettaproject_jpn_swadesh-1	utf-8	transcription	78	0
rosettaproject_jum_swadesh-1	utf-8	transcription	96	0
rosettaproject_jun_swadesh-1	utf-8	transcription	90	1
rosettaproject_kab_swadesh-1	utf-8	transcription	147	2
rosettaproject_kan_swadesh-1	utf-8	transcription	103	2
rosettaproject_kap_swadesh-1	utf-8	transcription	117	4
rosettaproject_kbd_swadesh-1	utf-8	transcription	113	0
rosettaproject_kbe_swadesh-1	utf-8	transcription	94	2
rosettaproject_kbk_swadesh-1	utf-8	transcription	240	54
rosettaproject_kbl_swadesh-1	utf-8	transcription	120	2
rosettaproject_kbq_swadesh-1	utf-8	transcription	307	48
rosettaproject_kbr_swadesh-1	utf-8	transcription	99	0
rosettaproject_kbv_swadesh-1	utf-8	transcription	371	190
rosettaproject_kbx_swadesh-1	utf-8	transcription	154	22
rosettaproject_kcb_swadesh-1	utf-8	transcription	100	0
rosettaproject_kcm_swadesh-1	utf-8	transcription	52	1
rosettaproject_kcn_swadesh-1	utf-8	transcription	94	0
rosettaproject_kco_swadesh-1	utf-8	transcription	53	0
rosettaproject_kcp_swadesh-1	utf-8	transcription	137	6
rosettaproject_kcr_swadesh-1	utf-8	transcription	92	2
rosettaproject_kct_swadesh-1	utf-8	transcription	162	42
rosettaproject_kcx_swadesh-1	utf-8	transcription	96	0
rosettaproject_kdj_swadesh-1	utf-8	transcription	1	0
rosettaproject_kdw_swadesh-1	utf-8	transcription	177	16
rosettaproject_kec_swadesh-1	utf-8	transcription	286	13
rosettaproject_keg_swadesh-1	utf-8	transcription	14	1
rosettaproject_kek_swadesh-1	utf-8	transcription	143	1
rosettaproject_kew_swadesh-1	utf-8	transcription	232	96
rosettaproject_kfa_swadesh-1	utf-8	transcription	83	0
rosettaproject_kfb_swadesh-1	utf-8	transcription	76	0
rosettaproject_kfc_swadesh-1	utf-8	transcription	76	0
rosettaproject_kfe_swadesh-1	utf-8	transcription	80	0
rosettaproject_kfp_swadesh-1	utf-8	transcription	85	0
rosettaproject_kgf_swadesh-1	utf-8	transcription	201	96
rosettaproject_kgg_swadesh-1	utf-8	transcription	494	66
rosettaproject_kgl_swadesh-1	utf-8	transcription	246	11
rosettaproject_kgo_swadesh-1	utf-8	transcription	644	40
rosettaproject_kgq_swadesh-1	utf-8	transcription	250	104
rosettaproject_kgr_swadesh-1	utf-8	transcription	525	156
rosettaproject_kgs_swadesh-1	utf-8	transcription	329	20
rosettaproject_kgu_swadesh-1	utf-8	transcription	170	1
rosettaproject_kgv_swadesh-1	utf-8	transcription	158	41
rosettaproject_kgw_swadesh-1	utf-8	transcription	113	90
rosettaproject_khe_swadesh-1	utf-8	transcription	194	1
rosettaproject_kib_swadesh-1	utf-8	transcription	309	6
rosettaproject_kie_swadesh-1	utf-8	transcription	172	2
rosettaproject_kig_swadesh-1	utf-8	transcription	458	80
rosettaproject_kih_swadesh-1	utf-8	transcription	8	0
rosettaproject_kij_swadesh-1	utf-8	transcription	181	2
rosettaproject_kiq_swadesh-1	utf-8	transcription	172	39
rosettaproject_kit_swadesh-1	utf-8	transcription	998	340
rosettaproject_kiw_swadesh-1	utf-8	transcription	713	262
rosettaproject_kiy_swadesh-1	utf-8	transcription	389	262
rosettaproject_kja_swadesh-1	utf-8	transcription	168	36
rosettaproject_kjc_swadesh-1	utf-8	transcription	183	3
rosettaproject_kjd_swadesh-1	utf-8	transcription	930	955
rosettaproject_kjg_swadesh-1	utf-8	transcription	176	15
rosettaproject_kjj_swadesh-1	utf-8	transcription	111	0
rosettaproject_kjs_swadesh-1	utf-8	transcription	86	61
rosettaproject_kjx_swadesh-1	utf-8	transcription	151	7
rosettaproject_kjy_swadesh-1	utf-8	transcription	389	112
rosettaproject_kkb_swadesh-1	utf-8	transcription	41	41
rosettaproject_kkc_swadesh-1	utf-8	transcription	294	79
rosettaproject_kkl_swadesh-1	utf-8	transcription	984	312
rosettaproject_kky_swadesh-1	utf-8	transcription	459	20
rosettaproject_kld_swadesh-1	utf-8	transcription	272	87
rosettaproject_klm_swadesh-1	utf-8	transcription	343	69
rosettaproject_klp_swadesh-1	utf-8	transcription	99	0
rosettaproject_klq_swadesh-1	utf-8	transcription	236	98
rosettaproject_klt_swadesh-1	utf-8	transcription	85	20
rosettaproject_klz_swadesh-1	utf-8	transcription	344	108
rosettaproject_kmf_swadesh-1	utf-8	transcription	407	97
rosettaproject_kmh_swadesh-1	utf-8	transcription	63	0
rosettaproject_kmk_swadesh-1	utf-8	transcription	186	3
rosettaproject_kmn_swadesh-1	utf-8	transcription	389	183
rosettaproject_kmo_swadesh-1	utf-8	transcription	493	50
rosettaproject_kmq_swadesh-1	utf-8	transcription	276	8
rosettaproject_kms_swadesh-1	utf-8	transcription	600	570
rosettaproject_kmt_swadesh-1	utf-8	transcription	435	181
rosettaproject_kmu_swadesh-1	utf-8	transcription	9	0
rosettaproject_kmx_swadesh-1	utf-8	transcription	356	157
rosettaproject_knc_swadesh-1	utf-8	transcription	459	22
rosettaproject_knd_swadesh-1	utf-8	transcription	172	46
rosettaproject_knf_swadesh-1	utf-8	transcription	256	15
rosettaproject_kns_swadesh-1	utf-8	transcription	101	0
rosettaproject_knv_swadesh-1	utf-8	transcription	376	94
rosettaproject_knw_swadesh-1	utf-8	transcription	298	37
rosettaproject_koe_swadesh-1	utf-8	transcription	81	0
rosettaproject_kol_swadesh-1	utf-8	transcription	161	7
rosettaproject_kop_swadesh-1	utf-8	transcription	332	126
rosettaproject_koz_swadesh-1	utf-8	transcription	351	107
rosettaproject_kpf_swadesh-1	utf-8	transcription	237	66
rosettaproject_kpq_swadesh-1	utf-8	transcription	54	26
rosettaproject_kpr_swadesh-1	utf-8	transcription	219	36
rosettaproject_kps_swadesh-1	utf-8	transcription	955	123
rosettaproject_kpu_swadesh-1	utf-8	transcription	190	40
rosettaproject_kpw_swadesh-1	utf-8	transcription	465	62
rosettaproject_kpx_swadesh-1	utf-8	transcription	795	349
rosettaproject_kqb_swadesh-1	utf-8	transcription	38	0
rosettaproject_kqi_swadesh-1	utf-8	transcription	770	150
rosettaproject_kqj_swadesh-1	utf-8	transcription	271	51
rosettaproject_krc_swadesh-1	utf-8	transcription	205	0
rosettaproject_krd_swadesh-1	utf-8	transcription	1	0
rosettaproject_krs_swadesh-1	utf-8	transcription	402	25
rosettaproject_kru_swadesh-1	utf-8	transcription	50	0
rosettaproject_ksd_swadesh-1	utf-8	transcription	183	2
rosettaproject_ksj_swadesh-1	utf-8	transcription	396	6
rosettaproject_ksr_swadesh-1	utf-8	transcription	224	70
rosettaproject_ktb_swadesh-1	utf-8	transcription	329	3
rosettaproject_ktg_swadesh-1	utf-8	transcription	344	10
rosettaproject_kto_swadesh-1	utf-8	transcription	442	9
rosettaproject_kue_swadesh-1	utf-8	transcription	662	222
rosettaproject_kuo_swadesh-1	utf-8	transcription	51	0
rosettaproject_kup_swadesh-1	utf-8	transcription	430	175
rosettaproject_kux_swadesh-1	utf-8	transcription	17	0
rosettaproject_kuy_swadesh-1	utf-8	transcription	61	0
rosettaproject_kvo_swadesh-1	utf-8	transcription	182	2
rosettaproject_kwe_swadesh-1	utf-8	transcription	594	108
rosettaproject_kwl_swadesh-1	utf-8	transcription	67	0
rosettaproject_kwo_swadesh-1	utf-8	transcription	306	9
rosettaproject_kwt_swadesh-1	utf-8	transcription	520	156
rosettaproject_kxc_swadesh-1	utf-8	transcription	97	0
rosettaproject_kxh_swadesh-1	utf-8	transcription	54	0
rosettaproject_kxu_swadesh-1	utf-8	transcription	74	0
rosettaproject_kxv_swadesh-1	utf-8	transcription	71	0
rosettaproject_kxw_swadesh-1	utf-8	transcription	174	19
rosettaproject_kxz_swadesh-1	utf-8	transcription	311	93
rosettaproject_kyo_swadesh-1	utf-8	transcription	267	83
rosettaproject_kyt_swadesh-1	utf-8	transcription	114	88
rosettaproject_kyx_swadesh-1	utf-8	transcription	354	7
rosettaproject_kzf_swadesh-1	utf-8	transcription	184	3
rosettaproject_kzh_swadesh-1	utf-8	transcription	571	164
rosettaproject_kzk_swadesh-1	utf-8	transcription	152	78
rosettaproject_kzm_swadesh-1	utf-8	transcription	255	35
rosettaproject_kzz_swadesh-1	utf-8	transcription	159	26
rosettaproject_laf_swadesh-1	utf-8	transcription	567	11
rosettaproject_lat_swadesh-1	utf-8	transcription	181	0
rosettaproject_lbe_swadesh-1	utf-8	transcription	114	0
rosettaproject_ldm_swadesh-1	utf-8	transcription	151	3
rosettaproject_lei_swadesh-1	utf-8	transcription	328	60
rosettaproject_lep_swadesh-1	utf-8	transcription	111	0
rosettaproject_leq_swadesh-1	utf-8	transcription	297	15
rosettaproject_lev_swadesh-1	utf-8	transcription	327	123
rosettaproject_lgn_swadesh-1	utf-8	transcription	239	7
rosettaproject_lgt_swadesh-1	utf-8	transcription	55	20
rosettaproject_lid_swadesh-1	utf-8	transcription	181	2
rosettaproject_liq_swadesh-1	utf-8	transcription	81	0
rosettaproject_liu_swadesh-1	utf-8	transcription	173	4
rosettaproject_liv_swadesh-1	utf-8	transcription	53	0
rosettaproject_lkl_swadesh-1	utf-8	transcription	20	0
rosettaproject_lll_swadesh-1	utf-8	transcription	107	0
rosettaproject_llu_swadesh-1	utf-8	transcription	178	2
rosettaproject_lml_swadesh-1	utf-8	transcription	167	2
rosettaproject_lnj_swadesh-1	utf-8	transcription	224	5
rosettaproject_loa_swadesh-1	utf-8	transcription	454	162
rosettaproject_lof_swadesh-1	utf-8	transcription	283	3
rosettaproject_lot_swadesh-1	utf-8	transcription	10	0
rosettaproject_lrg_swadesh-1	utf-8	transcription	490	5
rosettaproject_lro_swadesh-1	utf-8	transcription	181	1
rosettaproject_ltz_swadesh-1	utf-8	transcription	101	0
rosettaproject_luf_swadesh-1	utf-8	transcription	94	1
rosettaproject_lun_swadesh-1	utf-8	transcription	92	0
rosettaproject_luo_swadesh-1	utf-8	transcription	33	0
rosettaproject_lwo_swadesh-1	utf-8	transcription	26	0
rosettaproject_lww_swadesh-1	utf-8	transcription	181	2
rosettaproject_mad_swadesh-1	utf-8	transcription	185	3
rosettaproject_mah_swadesh-1	utf-8	transcription	181	2
rosettaproject_mai_swadesh-1	utf-8	transcription	98	0
rosettaproject_mal_swadesh-1	utf-8	transcription	97	0
rosettaproject_mam_swadesh-1	utf-8	transcription	143	1
rosettaproject_mas_swadesh-1	utf-8	transcription	45	0
rosettaproject_mci_swadesh-1	utf-8	transcription	245	60
rosettaproject_mcr_swadesh-1	utf-8	transcription	101	0
rosettaproject_mcv_swadesh-1	utf-8	transcription	215	76
rosettaproject_mcz_swadesh-1	utf-8	transcription	363	125
rosettaproject_mdb_swadesh-1	utf-8	transcription	217	84
rosettaproject_mdc_swadesh-1	utf-8	transcription	350	86
rosettaproject_mde_swadesh-1	utf-8	transcription	564	25
rosettaproject_mdf_swadesh-1	utf-8	transcription	194	0
rosettaproject_mdj_swadesh-1	utf-8	transcription	337	8
rosettaproject_mds_swadesh-1	utf-8	transcription	1031	484
rosettaproject_mdx_swadesh-1	utf-8	transcription	101	0
rosettaproject_mdy_swadesh-1	utf-8	transcription	99	0
rosettaproject_meb_swadesh-1	utf-8	transcription	293	111
rosettaproject_mec_swadesh-1	utf-8	transcription	583	47
rosettaproject_med_swadesh-1	utf-8	transcription	154	61
rosettaproject_mej_swadesh-1	utf-8	transcription	619	208
rosettaproject_mek_swadesh-1	utf-8	transcription	202	4
rosettaproject_mem_swadesh-1	utf-8	transcription	28	0
rosettaproject_mep_swadesh-1	utf-8	transcription	17	0
rosettaproject_meu_swadesh-1	utf-8	transcription	182	2
rosettaproject_mfc_swadesh-1	utf-8	transcription	227	4
rosettaproject_mfe_swadesh-1	utf-8	transcription	96	0
rosettaproject_mfr_swadesh-1	utf-8	transcription	174	89
rosettaproject_mfv_swadesh-1	utf-8	transcription	91	1
rosettaproject_mfw_swadesh-1	utf-8	transcription	272	130
rosettaproject_mfz_swadesh-1	utf-8	transcription	95	0
rosettaproject_mgb_swadesh-1	utf-8	transcription	54	0
rosettaproject_mgf_swadesh-1	utf-8	transcription	393	70
rosettaproject_mgk_swadesh-1	utf-8	transcription	229	115
rosettaproject_mgu_swadesh-1	utf-8	transcription	708	436
rosettaproject_mgx_swadesh-1	utf-8	transcription	112	82
rosettaproject_mha_swadesh-1	utf-8	transcription	58	0
rosettaproject_mhd_swadesh-1	utf-8	transcription	242	1
rosettaproject_mhf_swadesh-1	utf-8	transcription	52	0
rosettaproject_mhg_swadesh-1	utf-8	transcription	250	18
rosettaproject_mhl_swadesh-1	utf-8	transcription	370	83
rosettaproject_mhs_swadesh-1	utf-8	transcription	183	2
rosettaproject_mic_swadesh-1	utf-8	transcription	169	0
rosettaproject_mid_swadesh-1	utf-8	transcription	93	0
rosettaproject_mif_swadesh-1	utf-8	transcription	51	0
rosettaproject_min_swadesh-1	utf-8	transcription	185	3
rosettaproject_miw_swadesh-1	utf-8	transcription	100	0
rosettaproject_mjj_swadesh-1	utf-8	transcription	390	69
rosettaproject_mjt_swadesh-1	utf-8	transcription	52	0
rosettaproject_mjw_swadesh-1	utf-8	transcription	205	0
rosettaproject_mkc_swadesh-1	utf-8	transcription	79	21
rosettaproject_mkp_swadesh-1	utf-8	transcription	31	24
rosettaproject_mkr_swadesh-1	utf-8	transcription	320	117
rosettaproject_mkz_swadesh-1	utf-8	transcription	207	54
rosettaproject_mle_swadesh-1	utf-8	transcription	302	27
rosettaproject_mlh_swadesh-1	utf-8	transcription	290	116
rosettaproject_mlp_swadesh-1	utf-8	transcription	318	180
rosettaproject_mmi_swadesh-1	utf-8	transcription	398	63
rosettaproject_mmp_swadesh-1	utf-8	transcription	190	30
rosettaproject_mmq_swadesh-1	utf-8	transcription	396	73
rosettaproject_mna_swadesh-1	utf-8	transcription	179	2
rosettaproject_mnw_swadesh-1	utf-8	transcription	101	0
rosettaproject_mnx_swadesh-1	utf-8	transcription	345	42
rosettaproject_mnz_swadesh-1	utf-8	transcription	450	175
rosettaproject_mok_swadesh-1	utf-8	transcription	227	18
rosettaproject_moq_swadesh-1	utf-8	transcription	178	38
rosettaproject_mor_swadesh-1	utf-8	transcription	302	4
rosettaproject_mpb_swadesh-1	utf-8	transcription	221	3
rosettaproject_mpc_swadesh-1	utf-8	transcription	488	32
rosettaproject_mpe_swadesh-1	utf-8	transcription	96	0
rosettaproject_mph_swadesh-1	utf-8	transcription	539	50
rosettaproject_mpj_swadesh-1	utf-8	transcription	31	0
rosettaproject_mpp_swadesh-1	utf-8	transcription	51	0
rosettaproject_mps_swadesh-1	utf-8	transcription	169	69
rosettaproject_mpt_swadesh-1	utf-8	transcription	47	1
rosettaproject_mpv_swadesh-1	utf-8	transcription	47	0
rosettaproject_mqe_swadesh-1	utf-8	transcription	364	109
rosettaproject_mqf_swadesh-1	utf-8	transcription	133	34
rosettaproject_mqo_swadesh-1	utf-8	transcription	444	120
rosettaproject_mqr_swadesh-1	utf-8	transcription	118	40
rosettaproject_mqs_swadesh-1	utf-8	transcription	357	10
rosettaproject_mqv_swadesh-1	utf-8	transcription	339	123
rosettaproject_mqw_swadesh-1	utf-8	transcription	372	127
rosettaproject_mqy_swadesh-1	utf-8	transcription	182	3
rosettaproject_mra_swadesh-1	utf-8	transcription	89	0
rosettaproject_mrf_swadesh-1	utf-8	transcription	418	93
rosettaproject_mrx_swadesh-1	utf-8	transcription	18	6
rosettaproject_mrz_swadesh-1	utf-8	transcription	804	170
rosettaproject_msf_swadesh-1	utf-8	transcription	437	151
rosettaproject_msg_swadesh-1	utf-8	transcription	168	19
rosettaproject_msj_swadesh-1	utf-8	transcription	223	3
rosettaproject_msl_swadesh-1	utf-8	transcription	143	75
rosettaproject_mso_swadesh-1	utf-8	transcription	521	68
rosettaproject_msx_swadesh-1	utf-8	transcription	499	45
rosettaproject_msy_swadesh-1	utf-8	transcription	178	8
rosettaproject_msz_swadesh-1	utf-8	transcription	51	0
rosettaproject_mtc_swadesh-1	utf-8	transcription	390	104
rosettaproject_mtf_swadesh-1	utf-8	transcription	353	117
rosettaproject_mtg_swadesh-1	utf-8	transcription	162	32
rosettaproject_mtj_swadesh-1	utf-8	transcription	171	60
rosettaproject_mtv_swadesh-1	utf-8	transcription	49	0
rosettaproject_mty_swadesh-1	utf-8	transcription	59	30
rosettaproject_mur_swadesh-1	utf-8	transcription	255	7
rosettaproject_muu_swadesh-1	utf-8	transcription	80	0
rosettaproject_muz_swadesh-1	utf-8	transcription	150	4
rosettaproject_mva_swadesh-1	utf-8	transcription	184	2
rosettaproject_mvq_swadesh-1	utf-8	transcription	336	70
rosettaproject_mwb_swadesh-1	utf-8	transcription	252	11
rosettaproject_mwd_swadesh-1	utf-8	transcription	40	0
rosettaproject_mwf_swadesh-1	utf-8	transcription	163	7
rosettaproject_mwp_swadesh-1	utf-8	transcription	138	11
rosettaproject_mww_swadesh-1	utf-8	transcription	101	0
rosettaproject_mxe_swadesh-1	utf-8	transcription	182	2
rosettaproject_mxf_swadesh-1	utf-8	transcription	27	0
rosettaproject_mxk_swadesh-1	utf-8	transcription	377	8
rosettaproject_mxn_swadesh-1	utf-8	transcription	1107	438
rosettaproject_myb_swadesh-1	utf-8	transcription	26	0
rosettaproject_mym_swadesh-1	utf-8	transcription	97	0
rosettaproject_mzb_swadesh-1	utf-8	transcription	189	167
rosettaproject_mze_swadesh-1	utf-8	transcription	187	79
rosettaproject_mzu_swadesh-1	utf-8	transcription	21	7
rosettaproject_nas_swadesh-1	utf-8	transcription	465	50
rosettaproject_nax_swadesh-1	utf-8	transcription	241	79
rosettaproject_nbj_swadesh-1	utf-8	transcription	18	0
rosettaproject_nbk_swadesh-1	utf-8	transcription	374	115
rosettaproject_nbq_swadesh-1	utf-8	transcription	19	0
rosettaproject_nbx_swadesh-1	utf-8	transcription	472	43
rosettaproject_nby_swadesh-1	utf-8	transcription	1	0
rosettaproject_nca_swadesh-1	utf-8	transcription	51	0
rosettaproject_nce_swadesh-1	utf-8	transcription	439	15
rosettaproject_nck_swadesh-1	utf-8	transcription	30	1
rosettaproject_ncm_swadesh-1	utf-8	transcription	630	243
rosettaproject_nco_swadesh-1	utf-8	transcription	319	22
rosettaproject_ndt_swadesh-1	utf-8	transcription	215	4
rosettaproject_ndv_swadesh-1	utf-8	transcription	133	1
rosettaproject_ndx_swadesh-1	utf-8	transcription	111	4
rosettaproject_ndz_swadesh-1	utf-8	transcription	7	0
rosettaproject_nec_swadesh-1	utf-8	transcription	191	37
rosettaproject_nej_swadesh-1	utf-8	transcription	31	0
rosettaproject_nem_swadesh-1	utf-8	transcription	183	2
rosettaproject_nen_swadesh-1	utf-8	transcription	178	2
rosettaproject_ner_swadesh-1	utf-8	transcription	208	0
rosettaproject_net_swadesh-1	utf-8	transcription	82	0
rosettaproject_new_swadesh-1	utf-8	transcription	129	0
rosettaproject_nga_swadesh-1	utf-8	transcription	414	15
rosettaproject_ngh_swadesh-1	utf-8	transcription	389	51
rosettaproject_ngk_swadesh-1	utf-8	transcription	643	82
rosettaproject_ngr_swadesh-1	utf-8	transcription	472	30
rosettaproject_nhr_swadesh-1	utf-8	transcription	337	24
rosettaproject_nib_swadesh-1	utf-8	transcription	51	0
rosettaproject_nid_swadesh-1	utf-8	transcription	562	23
rosettaproject_nif_swadesh-1	utf-8	transcription	51	0
rosettaproject_nig_swadesh-1	utf-8	transcription	519	23
rosettaproject_nir_swadesh-1	utf-8	transcription	441	133
rosettaproject_nis_swadesh-1	utf-8	transcription	53	0
rosettaproject_nit_swadesh-1	utf-8	transcription	66	0
rosettaproject_niv_swadesh-1	utf-8	transcription	63	0
rosettaproject_niw_swadesh-1	utf-8	transcription	258	88
rosettaproject_niz_swadesh-1	utf-8	transcription	181	17
rosettaproject_nji_swadesh-1	utf-8	transcription	17	0
rosettaproject_njl_swadesh-1	utf-8	transcription	2	0
rosettaproject_nlc_swadesh-1	utf-8	transcription	59	35
rosettaproject_nld_swadesh-1	utf-8	transcription	371	32
rosettaproject_nna_swadesh-1	utf-8	transcription	30	0
rosettaproject_nnt_swadesh-1	utf-8	transcription	104	0
rosettaproject_noc_swadesh-1	utf-8	transcription	51	0
rosettaproject_noh_swadesh-1	utf-8	transcription	53	0
rosettaproject_nop_swadesh-1	utf-8	transcription	52	0
rosettaproject_nou_swadesh-1	utf-8	transcription	57	19
rosettaproject_noz_swadesh-1	utf-8	transcription	98	0
rosettaproject_nqm_swadesh-1	utf-8	transcription	337	39
rosettaproject_nsg_swadesh-1	utf-8	transcription	7	0
rosettaproject_nud_swadesh-1	utf-8	transcription	300	18
rosettaproject_nug_swadesh-1	utf-8	transcription	55	0
rosettaproject_nus_swadesh-1	utf-8	transcription	299	0
rosettaproject_nux_swadesh-1	utf-8	transcription	69	35
rosettaproject_nuy_swadesh-1	utf-8	transcription	676	31
rosettaproject_nxr_swadesh-1	utf-8	transcription	165	9
rosettaproject_nxu_swadesh-1	utf-8	transcription	23	9
rosettaproject_nyh_swadesh-1	utf-8	transcription	19	0
rosettaproject_nyi_swadesh-1	utf-8	transcription	122	6
rosettaproject_nyp_swadesh-1	utf-8	transcription	94	2
rosettaproject_nys_swadesh-1	utf-8	transcription	210	6
rosettaproject_nyt_swadesh-1	utf-8	transcription	222	8
rosettaproject_nyw_swadesh-1	utf-8	transcription	21	0
rosettaproject_ojs_swadesh-1	utf-8	transcription	204	0
rosettaproject_okj_swadesh-1	utf-8	transcription	685	68
rosettaproject_omo_swadesh-1	utf-8	transcription	373	90
rosettaproject_ong_swadesh-1	utf-8	transcription	154	28
rosettaproject_onj_swadesh-1	utf-8	transcription	45	22
rosettaproject_onn_swadesh-1	utf-8	transcription	227	112
rosettaproject_ons_swadesh-1	utf-8	transcription	314	138
rosettaproject_opm_swadesh-1	utf-8	transcription	315	10
rosettaproject_opo_swadesh-1	utf-8	transcription	128	90
rosettaproject_oro_swadesh-1	utf-8	transcription	593	150
rosettaproject_otr_swadesh-1	utf-8	transcription	315	8
rosettaproject_oua_swadesh-1	utf-8	transcription	218	1
rosettaproject_oun_swadesh-1	utf-8	transcription	284	35
rosettaproject_owi_swadesh-1	utf-8	transcription	224	102
rosettaproject_oyd_swadesh-1	utf-8	transcription	96	0
rosettaproject_pag_swadesh-1	utf-8	transcription	257	1
rosettaproject_pam_swadesh-1	utf-8	transcription	139	1
rosettaproject_pap_swadesh-1	utf-8	transcription	102	0
rosettaproject_pbo_swadesh-1	utf-8	transcription	127	1
rosettaproject_pbp_swadesh-1	utf-8	transcription	120	1
rosettaproject_pbt_swadesh-1	utf-8	transcription	99	0
rosettaproject_pby_swadesh-1	utf-8	transcription	237	49
rosettaproject_pci_swadesh-1	utf-8	transcription	74	0
rosettaproject_pda_swadesh-1	utf-8	transcription	379	93
rosettaproject_pdc_swadesh-1	utf-8	transcription	120	0
rosettaproject_ped_swadesh-1	utf-8	transcription	344	120
rosettaproject_peg_swadesh-1	utf-8	transcription	63	0
rosettaproject_pep_swadesh-1	utf-8	transcription	226	87
rosettaproject_pes_swadesh-1	utf-8	transcription	100	0
rosettaproject_pgu_swadesh-1	utf-8	transcription	528	410
rosettaproject_pjt_swadesh-1	utf-8	transcription	19	0
rosettaproject_pla_swadesh-1	utf-8	transcription	211	10
rosettaproject_plw_swadesh-1	utf-8	transcription	184	3
rosettaproject_pma_swadesh-1	utf-8	transcription	182	2
rosettaproject_pmr_swadesh-1	utf-8	transcription	376	79
rosettaproject_pnb_swadesh-1	utf-8	transcription	194	0
rosettaproject_pnn_swadesh-1	utf-8	transcription	582	44
rosettaproject_pnr_swadesh-1	utf-8	transcription	338	125
rosettaproject_pnw_swadesh-1	utf-8	transcription	272	5
rosettaproject_poc_swadesh-1	utf-8	transcription	258	31
rosettaproject_pol_swadesh-1	utf-8	transcription	216	8
rosettaproject_pon_swadesh-1	utf-8	transcription	180	2
rosettaproject_por_swadesh-1	utf-8	transcription	305	345
rosettaproject_ppe_swadesh-1	utf-8	transcription	135	38
rosettaproject_ppk_swadesh-1	utf-8	transcription	182	3
rosettaproject_ppo_swadesh-1	utf-8	transcription	746	346
rosettaproject_ppq_swadesh-1	utf-8	transcription	70	0
rosettaproject_ppt_swadesh-1	utf-8	transcription	248	53
rosettaproject_pqm_swadesh-1	utf-8	transcription	159	0
rosettaproject_prm_swadesh-1	utf-8	transcription	185	98
rosettaproject_pru_swadesh-1	utf-8	transcription	182	29
rosettaproject_prw_swadesh-1	utf-8	transcription	361	93
rosettaproject_psa_swadesh-1	utf-8	transcription	363	70
rosettaproject_pss_swadesh-1	utf-8	transcription	181	2
rosettaproject_puo_swadesh-1	utf-8	transcription	94	1
rosettaproject_pup_swadesh-1	utf-8	transcription	300	77
rosettaproject_pwa_swadesh-1	utf-8	transcription	387	112
rosettaproject_pwm_swadesh-1	utf-8	transcription	182	3
rosettaproject_pwn_swadesh-1	utf-8	transcription	177	3
rosettaproject_quc_swadesh-1	utf-8	transcription	25	0
rosettaproject_rac_swadesh-1	utf-8	transcription	285	95
rosettaproject_ran_swadesh-1	utf-8	transcription	332	56
rosettaproject_rao_swadesh-1	utf-8	transcription	440	72
rosettaproject_rap_swadesh-1	utf-8	transcription	197	3
rosettaproject_ras_swadesh-1	utf-8	transcription	175	16
rosettaproject_rbb_swadesh-1	utf-8	transcription	89	0
rosettaproject_rea_swadesh-1	utf-8	transcription	299	87
rosettaproject_rel_swadesh-1	utf-8	transcription	90	0
rosettaproject_rhp_swadesh-1	utf-8	transcription	72	31
rosettaproject_rif_swadesh-1	utf-8	transcription	418	104
rosettaproject_rit_swadesh-1	utf-8	transcription	245	16
rosettaproject_rmb_swadesh-1	utf-8	transcription	234	22
rosettaproject_rmk_swadesh-1	utf-8	transcription	19	5
rosettaproject_rmp_swadesh-1	utf-8	transcription	385	96
rosettaproject_ron_swadesh-1	utf-8	transcription	220	68
rosettaproject_roo_swadesh-1	utf-8	transcription	350	82
rosettaproject_rou_swadesh-1	utf-8	transcription	502	6
rosettaproject_rpt_swadesh-1	utf-8	transcription	377	125
rosettaproject_rtm_swadesh-1	utf-8	transcription	184	2
rosettaproject_rug_swadesh-1	utf-8	transcription	185	2
rosettaproject_rus_swadesh-1	utf-8	transcription	300	249
rosettaproject_rwa_swadesh-1	utf-8	transcription	102	0
rosettaproject_rwo_swadesh-1	utf-8	transcription	50	0
rosettaproject_ryu_swadesh-1	utf-8	transcription	46	0
rosettaproject_sad_swadesh-1	utf-8	transcription	606	89
rosettaproject_saj_swadesh-1	utf-8	transcription	590	11
rosettaproject_sao_swadesh-1	utf-8	transcription	96	15
rosettaproject_sas_swadesh-1	utf-8	transcription	179	2
rosettaproject_sat_swadesh-1	utf-8	transcription	98	0
rosettaproject_sav_swadesh-1	utf-8	transcription	133	1
rosettaproject_saw_swadesh-1	utf-8	transcription	151	35
rosettaproject_sba_swadesh-1	utf-8	transcription	53	1
rosettaproject_sbf_swadesh-1	utf-8	transcription	307	11
rosettaproject_sbi_swadesh-1	utf-8	transcription	84	20
rosettaproject_scn_swadesh-1	utf-8	transcription	132	0
rosettaproject_sds_swadesh-1	utf-8	transcription	44	0
rosettaproject_sea_swadesh-1	utf-8	transcription	96	0
rosettaproject_sej_swadesh-1	utf-8	transcription	51	0
rosettaproject_seo_swadesh-1	utf-8	transcription	1	0
rosettaproject_ses_swadesh-1	utf-8	transcription	520	27
rosettaproject_set_swadesh-1	utf-8	transcription	904	348
rosettaproject_she_swadesh-1	utf-8	transcription	204	0
rosettaproject_shi_swadesh-1	utf-8	transcription	68	1
rosettaproject_shj_swadesh-1	utf-8	transcription	189	7
rosettaproject_shk_swadesh-1	utf-8	transcription	97	0
rosettaproject_shu_swadesh-1	utf-8	transcription	101	0
rosettaproject_shw_swadesh-1	utf-8	transcription	271	5
rosettaproject_shy_swadesh-1	utf-8	transcription	169	2
rosettaproject_sid_swadesh-1	utf-8	transcription	131	5
rosettaproject_siq_swadesh-1	utf-8	transcription	162	25
rosettaproject_siw_swadesh-1	utf-8	transcription	376	9
rosettaproject_six_swadesh-1	utf-8	transcription	385	97
rosettaproject_siz_swadesh-1	utf-8	transcription	242	1
rosettaproject_sjg_swadesh-1	utf-8	transcription	100	7
rosettaproject_sjs_swadesh-1	utf-8	transcription	301	13
rosettaproject_skc_swadesh-1	utf-8	transcription	52	0
rosettaproject_ski_swadesh-1	utf-8	transcription	181	3
rosettaproject_skm_swadesh-1	utf-8	transcription	54	0
rosettaproject_sks_swadesh-1	utf-8	transcription	670	290
rosettaproject_skv_swadesh-1	utf-8	transcription	173	6
rosettaproject_slk_swadesh-1	utf-8	transcription	242	6
rosettaproject_sll_swadesh-1	utf-8	transcription	131	4
rosettaproject_slw_swadesh-1	utf-8	transcription	54	0
rosettaproject_smb_swadesh-1	utf-8	transcription	103	0
rosettaproject_smc_swadesh-1	utf-8	transcription	50	0
rosettaproject_smo_swadesh-1	utf-8	transcription	185	2
rosettaproject_smq_swadesh-1	utf-8	transcription	265	42
rosettaproject_snc_swadesh-1	utf-8	transcription	177	2
rosettaproject_snf_swadesh-1	utf-8	transcription	134	0
rosettaproject_snk_swadesh-1	utf-8	transcription	125	2
rosettaproject_snp_swadesh-1	utf-8	transcription	297	62
rosettaproject_snr_swadesh-1	utf-8	transcription	410	83
rosettaproject_snx_swadesh-1	utf-8	transcription	357	84
rosettaproject_sny_swadesh-1	utf-8	transcription	296	60
rosettaproject_snz_swadesh-1	utf-8	transcription	354	126
rosettaproject_soh_swadesh-1	utf-8	transcription	201	1
rosettaproject_som_swadesh-1	utf-8	transcription	96	0
rosettaproject_sow_swadesh-1	utf-8	transcription	273	111
rosettaproject_spa_swadesh-1	utf-8	transcription	260	0
rosettaproject_spd_swadesh-1	utf-8	transcription	381	87
rosettaproject_spi_swadesh-1	utf-8	transcription	349	37
rosettaproject_spl_swadesh-1	utf-8	transcription	252	76
rosettaproject_spm_swadesh-1	utf-8	transcription	23	3
rosettaproject_srb_swadesh-1	utf-8	transcription	100	0
rosettaproject_srl_swadesh-1	utf-8	transcription	476	144
rosettaproject_srm_swadesh-1	utf-8	transcription	112	0
rosettaproject_srn_swadesh-1	utf-8	transcription	177	0
rosettaproject_srr_swadesh-1	utf-8	transcription	131	0
rosettaproject_ssd_swadesh-1	utf-8	transcription	321	123
rosettaproject_sse_swadesh-1	utf-8	transcription	182	3
rosettaproject_ssj_swadesh-1	utf-8	transcription	389	119
rosettaproject_ssx_swadesh-1	utf-8	transcription	234	56
rosettaproject_ssy_swadesh-1	utf-8	transcription	95	0
rosettaproject_stf_swadesh-1	utf-8	transcription	72	32
rosettaproject_sua_swadesh-1	utf-8	transcription	305	42
rosettaproject_sue_swadesh-1	utf-8	transcription	95	45
rosettaproject_sui_swadesh-1	utf-8	transcription	268	62
rosettaproject_sun_swadesh-1	utf-8	transcription	203	4
rosettaproject_suq_swadesh-1	utf-8	transcription	95	0
rosettaproject_svs_swadesh-1	utf-8	transcription	535	213
rosettaproject_swe_swadesh-1	utf-8	transcription	190	88
rosettaproject_swm_swadesh-1	utf-8	transcription	360	113
rosettaproject_swn_swadesh-1	utf-8	transcription	64	0
rosettaproject_swt_swadesh-1	utf-8	transcription	205	32
rosettaproject_syc_swadesh-1	utf-8	transcription	57	0
rosettaproject_sys_swadesh-1	utf-8	transcription	55	1
rosettaproject_sza_swadesh-1	utf-8	transcription	99	0
rosettaproject_szb_swadesh-1	utf-8	transcription	33	0
rosettaproject_szc_swadesh-1	utf-8	transcription	84	0
rosettaproject_szp_swadesh-1	utf-8	transcription	466	164
rosettaproject_szw_swadesh-1	utf-8	transcription	185	2
rosettaproject_tad_swadesh-1	utf-8	transcription	543	372
rosettaproject_tag_swadesh-1	utf-8	transcription	408	20
rosettaproject_tah_swadesh-1	utf-8	transcription	184	2
rosettaproject_tam_swadesh-1	utf-8	transcription	117	0
rosettaproject_tao_swadesh-1	utf-8	transcription	185	3
rosettaproject_tat_swadesh-1	utf-8	transcription	204	1
rosettaproject_tay_swadesh-1	utf-8	transcription	184	1
rosettaproject_taz_swadesh-1	utf-8	transcription	195	2
rosettaproject_tbc_swadesh-1	utf-8	transcription	180	2
rosettaproject_tbd_swadesh-1	utf-8	transcription	414	62
rosettaproject_tbg_swadesh-1	utf-8	transcription	631	152
rosettaproject_tbh_swadesh-1	utf-8	transcription	123	4
rosettaproject_tbi_swadesh-1	utf-8	transcription	82	0
rosettaproject_tbo_swadesh-1	utf-8	transcription	182	2
rosettaproject_tbp_swadesh-1	utf-8	transcription	59	59
rosettaproject_tbr_swadesh-1	utf-8	transcription	306	5
rosettaproject_tbs_swadesh-1	utf-8	transcription	18	6
rosettaproject_tbv_swadesh-1	utf-8	transcription	208	87
rosettaproject_tby_swadesh-1	utf-8	transcription	171	33
rosettaproject_tcg_swadesh-1	utf-8	transcription	178	106
rosettaproject_tcm_swadesh-1	utf-8	transcription	205	78
rosettaproject_tcq_swadesh-1	utf-8	transcription	199	30
rosettaproject_tcx_swadesh-1	utf-8	transcription	85	0
rosettaproject_tcy_swadesh-1	utf-8	transcription	104	1
rosettaproject_tdr_swadesh-1	utf-8	transcription	95	0
rosettaproject_tds_swadesh-1	utf-8	transcription	315	141
rosettaproject_tei_swadesh-1	utf-8	transcription	219	22
rosettaproject_tel_swadesh-1	utf-8	transcription	147	10
rosettaproject_tem_swadesh-1	utf-8	transcription	447	10
rosettaproject_teo_swadesh-1	utf-8	transcription	6	0
rosettaproject_teq_swadesh-1	utf-8	transcription	93	3
rosettaproject_teu_swadesh-1	utf-8	transcription	103	2
rosettaproject_tey_swadesh-1	utf-8	transcription	299	10
rosettaproject_tgl_swadesh-2	utf-8	transcription	293	50
rosettaproject_tgu_swadesh-1	utf-8	transcription	110	5
rosettaproject_tha_swadesh-1	utf-8	transcription	433	1
rosettaproject_thd_swadesh-1	utf-8	transcription	59	0
rosettaproject_thv_swadesh-1	utf-8	transcription	298	6
rosettaproject_tic_swadesh-1	utf-8	transcription	178	8
rosettaproject_tif_swadesh-1	utf-8	transcription	51	4
rosettaproject_tim_swadesh-1	utf-8	transcription	234	65
rosettaproject_tin_swadesh-1	utf-8	transcription	112	1
rosettaproject_tiw_swadesh-1	utf-8	transcription	520	9
rosettaproject_tlb_swadesh-1	utf-8	transcription	416	134
rosettaproject_tlf_swadesh-1	utf-8	transcription	231	10
rosettaproject_tlg_swadesh-1	utf-8	transcription	128	67
rosettaproject_tlo_swadesh-1	utf-8	transcription	206	3
rosettaproject_tma_swadesh-1	utf-8	transcription	55	0
rosettaproject_tmd_swadesh-1	utf-8	transcription	344	14
rosettaproject_tmj_swadesh-1	utf-8	transcription	199	80
rosettaproject_tnk_swadesh-1	utf-8	transcription	182	2
rosettaproject_tnm_swadesh-1	utf-8	transcription	662	266
rosettaproject_tnn_swadesh-1	utf-8	transcription	184	2
rosettaproject_tof_swadesh-1	utf-8	transcription	411	234
rosettaproject_ton_swadesh-1	utf-8	transcription	185	2
rosettaproject_tpi_swadesh-1	utf-8	transcription	206	0
rosettaproject_tqo_swadesh-1	utf-8	transcription	1062	714
rosettaproject_tqu_swadesh-1	utf-8	transcription	683	232
rosettaproject_trt_swadesh-1	utf-8	transcription	465	168
rosettaproject_tsu_swadesh-1	utf-8	transcription	180	3
rosettaproject_tsx_swadesh-1	utf-8	transcription	302	45
rosettaproject_ttd_swadesh-1	utf-8	transcription	272	154
rosettaproject_ttn_swadesh-1	utf-8	transcription	105	29
rosettaproject_ttr_swadesh-1	utf-8	transcription	69	0
rosettaproject_tty_swadesh-1	utf-8	transcription	424	156
rosettaproject_tuh_swadesh-1	utf-8	transcription	363	146
rosettaproject_tuq_swadesh-1	utf-8	transcription	463	10
rosettaproject_tur_swadesh-1	utf-8	transcription	241	59
rosettaproject_tuv_swadesh-1	utf-8	transcription	103	0
rosettaproject_tvo_swadesh-1	utf-8	transcription	509	259
rosettaproject_twe_swadesh-1	utf-8	transcription	386	136
rosettaproject_tww_swadesh-1	utf-8	transcription	162	0
rosettaproject_txt_swadesh-1	utf-8	transcription	291	131
rosettaproject_typ_swadesh-1	utf-8	transcription	109	1
rosettaproject_tzm_swadesh-1	utf-8	transcription	26	1
rosettaproject_tzx_swadesh-1	utf-8	transcription	55	9
rosettaproject_uar_swadesh-1	utf-8	transcription	333	97
rosettaproject_ubu_swadesh-1	utf-8	transcription	183	41
rosettaproject_udu_swadesh-1	utf-8	transcription	199	2
rosettaproject_ufi_swadesh-1	utf-8	transcription	50	0
rosettaproject_uhn_swadesh-1	utf-8	transcription	276	51
rosettaproject_ukg_swadesh-1	utf-8	transcription	339	121
rosettaproject_ulf_swadesh-1	utf-8	transcription	126	67
rosettaproject_ulk_swadesh-1	utf-8	transcription	99	1
rosettaproject_umd_swadesh-1	utf-8	transcription	1	0
rosettaproject_umg_swadesh-1	utf-8	transcription	16	0
rosettaproject_umr_swadesh-1	utf-8	transcription	223	3
rosettaproject_ung_swadesh-1	utf-8	transcription	646	19
rosettaproject_unp_swadesh-1	utf-8	transcription	17	0
rosettaproject_urc_swadesh-1	utf-8	transcription	236	10
rosettaproject_urd_swadesh-1	utf-8	transcription	200	0
rosettaproject_urf_swadesh-1	utf-8	transcription	66	0
rosettaproject_urg_swadesh-1	utf-8	transcription	383	97
rosettaproject_uri_swadesh-1	utf-8	transcription	303	33
rosettaproject_urw_swadesh-1	utf-8	transcription	407	133
rosettaproject_urx_swadesh-1	utf-8	transcription	467	67
rosettaproject_ury_swadesh-1	utf-8	transcription	838	383
rosettaproject_usa_swadesh-1	utf-8	transcription	59	0
rosettaproject_usu_swadesh-1	utf-8	transcription	363	111
rosettaproject_utu_swadesh-1	utf-8	transcription	362	118
rosettaproject_uvh_swadesh-1	utf-8	transcription	52	0
rosettaproject_uwa_swadesh-1	utf-8	transcription	246	6
rosettaproject_vam_swadesh-1	utf-8	transcription	288	9
rosettaproject_van_swadesh-1	utf-8	transcription	144	23
rosettaproject_vie_swadesh-1	utf-8	transcription	100	1
rosettaproject_vmi_swadesh-1	utf-8	transcription	18	0
rosettaproject_wal_swadesh-1	utf-8	transcription	152	4
rosettaproject_wax_swadesh-1	utf-8	transcription	57	13
rosettaproject_wba_swadesh-1	utf-8	transcription	129	1
rosettaproject_wbe_swadesh-1	utf-8	transcription	300	124
rosettaproject_wbj_swadesh-1	utf-8	transcription	182	0
rosettaproject_wbp_swadesh-1	utf-8	transcription	113	4
rosettaproject_wbv_swadesh-1	utf-8	transcription	264	8
rosettaproject_wdg_swadesh-1	utf-8	transcription	374	55
rosettaproject_wdj_swadesh-1	utf-8	transcription	179	72
rosettaproject_wer_swadesh-1	utf-8	transcription	79	1
rosettaproject_wfg_swadesh-1	utf-8	transcription	310	103
rosettaproject_wgi_swadesh-1	utf-8	transcription	342	200
rosettaproject_wgy_swadesh-1	utf-8	transcription	369	164
rosettaproject_wii_swadesh-1	utf-8	transcription	63	23
rosettaproject_wim_swadesh-1	utf-8	transcription	94	0
rosettaproject_wiu_swadesh-1	utf-8	transcription	178	64
rosettaproject_wka_swadesh-1	utf-8	transcription	168	0
rosettaproject_wkw_swadesh-1	utf-8	transcription	329	44
rosettaproject_wla_swadesh-1	utf-8	transcription	155	10
rosettaproject_wlg_swadesh-1	utf-8	transcription	233	6
rosettaproject_wli_swadesh-1	utf-8	transcription	82	21
rosettaproject_wlo_swadesh-1	utf-8	transcription	183	3
rosettaproject_wlu_swadesh-1	utf-8	transcription	51	3
rosettaproject_wlw_swadesh-1	utf-8	transcription	127	3
rosettaproject_wmb_swadesh-1	utf-8	transcription	380	36
rosettaproject_wmc_swadesh-1	utf-8	transcription	367	110
rosettaproject_wmo_swadesh-1	utf-8	transcription	285	19
rosettaproject_wms_swadesh-1	utf-8	transcription	287	98
rosettaproject_wmt_swadesh-1	utf-8	transcription	29	0
rosettaproject_wnb_swadesh-1	utf-8	transcription	366	87
rosettaproject_wnc_swadesh-1	utf-8	transcription	188	40
rosettaproject_wnd_swadesh-1	utf-8	transcription	519	16
rosettaproject_wno_swadesh-1	utf-8	transcription	107	43
rosettaproject_wnp_swadesh-1	utf-8	transcription	83	22
rosettaproject_wnu_swadesh-1	utf-8	transcription	369	86
rosettaproject_woa_swadesh-1	utf-8	transcription	135	0
rosettaproject_wod_swadesh-1	utf-8	transcription	116	53
rosettaproject_woe_swadesh-1	utf-8	transcription	179	2
rosettaproject_wog_swadesh-1	utf-8	transcription	98	39
rosettaproject_woi_swadesh-1	utf-8	transcription	614	179
rosettaproject_wra_swadesh-1	utf-8	transcription	201	1
rosettaproject_wrb_swadesh-1	utf-8	transcription	30	9
rosettaproject_wrh_swadesh-1	utf-8	transcription	63	0
rosettaproject_wrn_swadesh-1	utf-8	transcription	158	1
rosettaproject_wrr_swadesh-1	utf-8	transcription	354	7
rosettaproject_wrs_swadesh-1	utf-8	transcription	862	113
rosettaproject_wrv_swadesh-1	utf-8	transcription	238	98
rosettaproject_wrz_swadesh-1	utf-8	transcription	220	3
rosettaproject_wsa_swadesh-1	utf-8	transcription	323	32
rosettaproject_wsk_swadesh-1	utf-8	transcription	372	96
rosettaproject_wtf_swadesh-1	utf-8	transcription	326	123
rosettaproject_wti_swadesh-1	utf-8	transcription	400	5
rosettaproject_wub_swadesh-1	utf-8	transcription	27	0
rosettaproject_wul_swadesh-1	utf-8	transcription	248	6
rosettaproject_wut_swadesh-1	utf-8	transcription	178	1
rosettaproject_wux_swadesh-1	utf-8	transcription	149	23
rosettaproject_wyb_swadesh-1	utf-8	transcription	235	11
rosettaproject_wyy_swadesh-1	utf-8	transcription	182	2
rosettaproject_xam_swadesh-1	utf-8	transcription	294	41
rosettaproject_xan_swadesh-1	utf-8	transcription	94	0
rosettaproject_xar_swadesh-1	utf-8	transcription	71	0
rosettaproject_xau_swadesh-1	utf-8	transcription	244	20
rosettaproject_xeg_swadesh-1	utf-8	transcription	376	60
rosettaproject_xel_swadesh-1	utf-8	transcription	299	9
rosettaproject_xes_swadesh-1	utf-8	transcription	334	107
rosettaproject_xeu_swadesh-1	utf-8	transcription	256	181
rosettaproject_xii_swadesh-1	utf-8	transcription	50	0
rosettaproject_xla_swadesh-1	utf-8	transcription	287	11
rosettaproject_xmu_swadesh-1	utf-8	transcription	125	2
rosettaproject_xod_swadesh-1	utf-8	transcription	136	105
rosettaproject_xom_swadesh-1	utf-8	transcription	220	3
rosettaproject_xop_swadesh-1	utf-8	transcription	158	12
rosettaproject_xow_swadesh-1	utf-8	transcription	355	61
rosettaproject_xrw_swadesh-1	utf-8	transcription	70	27
rosettaproject_xse_swadesh-1	utf-8	transcription	160	85
rosettaproject_xsp_swadesh-1	utf-8	transcription	357	111
rosettaproject_xtc_swadesh-1	utf-8	transcription	825	134
rosettaproject_xte_swadesh-1	utf-8	transcription	155	100
rosettaproject_xwg_swadesh-1	utf-8	transcription	95	0
rosettaproject_ybm_swadesh-1	utf-8	transcription	370	76
rosettaproject_ybo_swadesh-1	utf-8	transcription	385	83
rosettaproject_ybx_swadesh-1	utf-8	transcription	83	1
rosettaproject_yby_swadesh-1	utf-8	transcription	274	67
rosettaproject_ydd_swadesh-1	utf-8	transcription	209	0
rosettaproject_ydk_swadesh-1	utf-8	transcription	370	102
rosettaproject_yee_swadesh-1	utf-8	transcription	331	35
rosettaproject_yev_swadesh-1	utf-8	transcription	20	0
rosettaproject_yey_swadesh-1	utf-8	transcription	79	0
rosettaproject_ygr_swadesh-1	utf-8	transcription	206	0
rosettaproject_ygw_swadesh-1	utf-8	transcription	101	0
rosettaproject_yii_swadesh-1	utf-8	transcription	247	9
rosettaproject_yij_swadesh-1	utf-8	transcription	329	15
rosettaproject_yis_swadesh-1	utf-8	transcription	72	30
rosettaproject_yki_swadesh-1	utf-8	transcription	180	36
rosettaproject_ykr_swadesh-1	utf-8	transcription	59	27
rosettaproject_yle_swadesh-1	utf-8	transcription	1131	487
rosettaproject_ylg_swadesh-1	utf-8	transcription	304	19
rosettaproject_yli_swadesh-1	utf-8	transcription	66	1
rosettaproject_yll_swadesh-1	utf-8	transcription	71	33
rosettaproject_ymb_swadesh-1	utf-8	transcription	367	38
rosettaproject_ynl_swadesh-1	utf-8	transcription	332	65
rosettaproject_yon_swadesh-1	utf-8	transcription	220	74
rosettaproject_yrb_swadesh-1	utf-8	transcription	183	91
rosettaproject_yrw_swadesh-1	utf-8	transcription	357	116
rosettaproject_yss_swadesh-1	utf-8	transcription	108	67
rosettaproject_yuj_swadesh-1	utf-8	transcription	1018	45
rosettaproject_yul_swadesh-1	utf-8	transcription	54	1
rosettaproject_yur_swadesh-1	utf-8	transcription	183	0
rosettaproject_yut_swadesh-1	utf-8	transcription	90	11
rosettaproject_yuw_swadesh-1	utf-8	transcription	191	107
rosettaproject_yva_swadesh-1	utf-8	transcription	682	1127
rosettaproject_yyu_swadesh-1	utf-8	transcription	71	33
rosettaproject_zag_swadesh-1	utf-8	transcription	25	6
rosettaproject_zay_swadesh-1	utf-8	transcription	116	75
rosettaproject_zen_swadesh-1	utf-8	transcription	293	0
rosettaproject_zgr_swadesh-1	utf-8	transcription	55	25
rosettaproject_zia_swadesh-1	utf-8	transcription	76	102
rosettaproject_zik_swadesh-1	utf-8	transcription	438	206
rosettaproject_zma_swadesh-1	utf-8	transcription	146	2
rosettaproject_zmc_swadesh-1	utf-8	transcription	348	116
rosettaproject_zmd_swadesh-1	utf-8	transcription	112	0
rosettaproject_zme_swadesh-1	utf-8	transcription	248	15
rosettaproject_zmj_swadesh-1	utf-8	transcription	119	1
rosettaproject_zml_swadesh-1	utf-8	transcription	232	34
rosettaproject_zmm_swadesh-1	utf-8	transcription	136	1
rosettaproject_zmo_swadesh-1	utf-8	transcription	186	0
rosettaproject_zmr_swadesh-1	utf-8	transcription	293	13
rosettaproject_zmt_swadesh-1	utf-8	transcription	139	11
rosettaproject_zmu_swadesh-1	utf-8	transcription	378	11
rosettaproject_zne_swadesh-1	utf-8	transcription	528	29
rosettaproject_zng_swadesh-1	utf-8	transcription	93	1
rosettaproject_zrs_swadesh-1	utf-8	transcription	346	100
rosettaproject_zul_swadesh-1	utf-8	transcription	131	0
rosettaproject_zwa_swadesh-1	utf-8	transcription	97	0
