gloss	n_lists	in_canonical	canonical_rank
eye	1152	1	74
fire	1149	1	167
i	1136	1	1
head	1135	1	72
dog	1128	1	47
ear	1126	1	73
sun	1126	1	147
moon	1109	1	148
thou	1107	0	
tongue	1098	1	78
man	1094	0	
mouth	1094	1	76
water	1094	1	150
tooth	1090	1	77
bone	1088	1	65
woman	1086	1	36
tree	1085	1	51
two	1082	1	23
blood	1066	1	64
smoke	1062	1	166
skin	1060	1	62
bird	1056	1	46
one	1056	1	22
rain	1048	1	151
hair	1045	1	71
belly	1041	1	85
breast	1040	1	89
star	1032	1	149
come	1022	1	122
good	1018	1	185
black	1017	1	176
eat	1009	1	93
road	1005	1	170
name	1000	1	207
egg	998	1	67
stone	998	1	156
white	992	1	175
ashes	988	1	168
louse	985	1	48
give	983	1	128
night	980	1	177
small	979	1	32
sit	977	1	124
sleep	977	1	107
knee	966	1	82
fish	964	1	45
long	964	1	28
say	961	1	140
earth	954	1	159
see	952	1	101
neck	951	1	87
red	949	1	172
big	946	1	27
sand	945	1	157
new	944	1	183
stand	940	1	125
mountain	939	1	171
hand	938	1	83
meat	938	1	63
walk	934	1	121
hear	927	1	102
cloud	923	1	160
foot	923	1	80
cold	916	1	181
die	916	1	109
tail	915	1	69
leaf	913	1	56
warm	906	1	180
what	904	1	12
who	901	1	11
father	898	1	43
we	898	1	4
root	895	1	57
many	876	1	18
snake	874	1	49
leg	849	1	81
mother	848	1	42
wind	844	1	163
dry	843	1	195
fat (n.)	838	1	66
burn	835	1	169
bite	833	1	94
heart	833	1	90
drink	826	1	92
kill	821	1	110
all	788	1	17
liver	785	1	91
they	772	1	6
full	762	1	182
child	759	1	39
nose	754	1	75
this	744	1	7
bark	734	1	58
three	726	1	24
back	722	1	88
bad	722	1	186
he/she	722	0	
fly (v.)	720	1	120
fingernail	709	1	79
not	708	1	16
know	707	1	103
seed	705	1	55
old	697	1	184
arm	691	0	
short	681	1	33
hit	670	1	113
green	669	1	173
yellow	666	1	174
that	661	1	8
person	658	0	
spit	651	1	96
wing	649	1	84
house	646	0	
heavy	639	1	31
laugh	635	1	100
fall	633	1	127
grass	632	1	60
lie	625	1	123
rope	622	1	61
swim	622	1	119
cut	610	1	114
feather	605	1	70
sky	592	1	162
fly (n.)	587	0	
brother	584	0	
day	582	1	178
wet	581	1	194
dig	570	1	118
near	569	1	197
four	566	1	25
far	564	1	198
you	549	0	
river	544	1	152
sing	543	1	141
sister	540	0	
shoulder	537	0	
tie	532	1	137
fear	530	1	106
weep	530	0	
five	529	1	26
salt	525	1	155
finger	522	0	
forest	522	1	52
fruit	522	1	54
throw	516	1	136
wood	516	0	
wash	504	1	132
where	504	1	13
rat	495	0	
tomorrow	492	0	
blow	489	1	98
horn	484	1	68
left	482	1	200
elbow	481	0	
right	475	1	199
take	473	0	
yesterday	473	0	
round	472	1	190
wife	465	1	40
straight	464	1	189
mosquito	463	0	
pull	463	1	134
vomit	457	1	97
sea	455	1	154
forehead	454	0	
husband	453	1	41
sharp	453	1	191
here	451	1	9
thin	446	1	35
chin	443	0	
boy	436	0	
chest	434	0	
navel	434	0	
guts	433	1	86
there	430	1	10
dirty	419	1	188
think	418	1	104
smell	416	1	105
thigh	416	0	
girl	415	0	
emu	412	0	
push	412	1	135
turn	409	1	126
how	407	1	15
fog	403	1	161
flower	401	1	59
when	401	1	14
crocodile	399	0	
live	388	1	108
few	386	1	20
split	385	1	115
morning	382	0	
scratch	381	1	117
play	380	1	142
hold	376	1	129
face	373	0	
claw	369	0	
butterfly	364	0	
breathe	357	1	99
rotten	356	1	187
throat	350	0	
thunder	350	0	
arrow	346	0	
fight	345	1	111
in	345	1	202
dust	333	1	158
lake	332	1	153
lip	330	0	
suck	329	1	95
lightning	325	0	
vagina	324	0	
calf	320	0	
we (incl.)	317	0	
hole	314	0	
year	314	1	179
wallaby	313	0	
other	308	1	21
you two	307	0	
stick	306	1	53
worm	306	1	50
ripe	303	0	
rub	302	1	131
animal	296	1	44
sew	295	1	138
swell	295	1	146
count	292	1	139
they two	292	0	
thick	292	1	30
nape	290	0	
and	285	1	204
branch	283	0	
today	279	0	
hunt	278	1	112
cassowary	275	0	
cheek	269	0	
narrow	268	1	34
sweet	263	0	
yes	262	0	
wide	261	1	29
we two (incl.)	248	0	
smooth	247	1	193
correct	246	1	196
flow	236	1	144
we (excl.)	230	0	
dark	212	0	
excrement	212	0	
son	211	0	
daughter	201	0	
float	193	1	143
ankle	192	0	
we two	189	0	
bitter	188	0	
if	185	1	205
because	182	1	206
squeeze	179	1	130
kangaroo	166	0	
with	166	1	203
ice	155	1	165
wipe	153	1	133
thorn	151	0	
stab	150	1	116
dance	149	0	
some	140	1	19
he	138	1	3
at	134	1	201
sour	128	0	
we two (excl.)	123	0	
snow	118	1	164
jaw	115	0	
dull	107	1	192
unripe	87	0	
large	69	0	
woomera	69	0	
which	68	0	
why	68	0	
empty	67	0	
wrong	67	0	
heel	62	0	
freeze	59	1	145
frog	59	0	
wrist	21	0	
fat n.	18	0	
walk (go)	18	0	
burn tr.	17	0	
fly v.	16	0	
full(ness)	16	0	
fat	15	0	
how?	14	0	
when?	14	0	
ye	14	0	
where?	13	0	
claw (nail	12	0	
claw(nail)	6	0	
down	3	0	
up	3	0	
woods	3	0	
ash	2	0	
fly	2	0	
grease	2	0	
man (adult male)	2	1	37
man (human being)	2	1	38
pierce	2	0	
you (plural)	2	1	5
you (singular)	2	1	2
breat	1	0	
female	1	0	
fullness	1	0	
heat	1	0	
male	1	0	
meat?	1	0	
snooth	1	0	
strike	1	0	
to	1	0	
tonge	1	0	
tsy	1	0	
