identifier	lang_code	gloss	transcription_norm	ipa	residual
rosettaproject_acr_swadesh-1	acr	all	conjel	conxel	
rosettaproject_acr_swadesh-1	acr	ashes	chaj	ʧax	
rosettaproject_acr_swadesh-1	acr	bark	jomet	xomet	
rosettaproject_acr_swadesh-1	acr	big	nim	nim	
rosettaproject_acr_swadesh-1	acr	bite	raxinic	raʃinic	
rosettaproject_acr_swadesh-1	acr	blood	quiq\uel	kiqʼuel	
rosettaproject_acr_swadesh-1	acr	bone	b\ak	ɓak	
rosettaproject_acr_swadesh-1	acr	breast	tz\um	ʦʼum	
rosettaproject_acr_swadesh-1	acr	burn	c\atic	cʼatic	
rosettaproject_acr_swadesh-1	acr	cloud	sutz\	suʦʼ	
rosettaproject_acr_swadesh-1	acr	come	c\un	cʼun	
rosettaproject_acr_swadesh-1	acr	die	camic	camic	
rosettaproject_acr_swadesh-1	acr	dog	tz\i	ʦʼi	
rosettaproject_acr_swadesh-1	acr	drink	tu\ic	tuʔic	
rosettaproject_acr_swadesh-1	acr	ear	xiquin	ʃikin	
rosettaproject_acr_swadesh-1	acr	earth	uleu	uleu	
rosettaproject_acr_swadesh-1	acr	eat	i\im	iʔim	
rosettaproject_acr_swadesh-1	acr	egg	sakmol	sakmol	
rosettaproject_acr_swadesh-1	acr	eye	wach	waʧ	
rosettaproject_acr_swadesh-1	acr	fat (n.)	manteca	manteca	
rosettaproject_acr_swadesh-1	acr	feather	xic	ʃic	
rosettaproject_acr_swadesh-1	acr	fingernail	rixc\ak	riʃcʼak	
rosettaproject_acr_swadesh-1	acr	fire	\a\	ʔaʔ	
rosettaproject_acr_swadesh-1	acr	fish	car	car	
rosettaproject_acr_swadesh-1	acr	fly (v.)	rupupic	rupupic	
rosettaproject_acr_swadesh-1	acr	foot	akan	akan	
rosettaproject_acr_swadesh-1	acr	give	ya	ja	
rosettaproject_acr_swadesh-1	acr	guts	pam	pam	
rosettaproject_acr_swadesh-1	acr	hair	wi	wi	
rosettaproject_acr_swadesh-1	acr	hand	\ab\	ʔaɓ	
rosettaproject_acr_swadesh-1	acr	head	jolom	xolom	
rosettaproject_acr_swadesh-1	acr	hear	ta	ta	
rosettaproject_acr_swadesh-1	acr	heart	anma	anma	
rosettaproject_acr_swadesh-1	acr	horn	ruca\	rucaʔ	
rosettaproject_acr_swadesh-1	acr	i	yin	jin	
rosettaproject_acr_swadesh-1	acr	kill	camsaj	camsax	
rosettaproject_acr_swadesh-1	acr	knee	ch\ec	ʧʼec	
rosettaproject_acr_swadesh-1	acr	know	etam	etam	
rosettaproject_acr_swadesh-1	acr	leaf	xac	ʃac	
rosettaproject_acr_swadesh-1	acr	lie	cotzolic	coʦolic	
rosettaproject_acr_swadesh-1	acr	liver	saseb\	saseɓ	
rosettaproject_acr_swadesh-1	acr	long	nim rakan	nim rakan	
rosettaproject_acr_swadesh-1	acr	louse	uc\	ucʼ	
rosettaproject_acr_swadesh-1	acr	man	achi	aʧi	
rosettaproject_acr_swadesh-1	acr	meat	ti\(ij)	tiʔ	
rosettaproject_acr_swadesh-1	acr	moon	ic\	icʼ	
rosettaproject_acr_swadesh-1	acr	mountain	jyub\	xjuɓ	
rosettaproject_acr_swadesh-1	acr	mouth	chi\	ʧiʔ	
rosettaproject_acr_swadesh-1	acr	neck	rij a kul	rix a kul	
rosettaproject_acr_swadesh-1	acr	nose	tzam	ʦam	
rosettaproject_acr_swadesh-1	acr	one	one	one	
rosettaproject_acr_swadesh-1	acr	person	winak	winak	
rosettaproject_acr_swadesh-1	acr	rain	jab\	xaɓ	
rosettaproject_acr_swadesh-1	acr	red	cak	cak	
rosettaproject_acr_swadesh-1	acr	road	ch\u b\e	ʧʼu ɓe	
rosettaproject_acr_swadesh-1	acr	root	ra\	raʔ	
rosettaproject_acr_swadesh-1	acr	sand	saneb\	saneɓ	
rosettaproject_acr_swadesh-1	acr	say	b\ij	ɓix	
rosettaproject_acr_swadesh-1	acr	see	il	il	
rosettaproject_acr_swadesh-1	acr	seed	ija	ixa	
rosettaproject_acr_swadesh-1	acr	sit	culic	culic	
rosettaproject_acr_swadesh-1	acr	skin	tz\umal	ʦʼumal	
rosettaproject_acr_swadesh-1	acr	sleep	war	war	
rosettaproject_acr_swadesh-1	acr	small	ch\utik	ʧʼutik	
rosettaproject_acr_swadesh-1	acr	smoke	sib\	siɓ	
rosettaproject_acr_swadesh-1	acr	stand	tac\alic	tacʼalic	
rosettaproject_acr_swadesh-1	acr	star	ch\imil	ʧʼimil	
rosettaproject_acr_swadesh-1	acr	stone	ab\aj	aɓax	
rosettaproject_acr_swadesh-1	acr	sun	\ij	ʔix	
rosettaproject_acr_swadesh-1	acr	swim	mux	muʃ	
rosettaproject_acr_swadesh-1	acr	tail	je	xe	
rosettaproject_acr_swadesh-1	acr	that	ile	ile	
rosettaproject_acr_swadesh-1	acr	this	iri	iri	
rosettaproject_acr_swadesh-1	acr	thou	yet	jet	
rosettaproject_acr_swadesh-1	acr	tongue	tz\amwa\	ʦʼamwaʔ	
rosettaproject_acr_swadesh-1	acr	tooth	wa-e	wa e	
rosettaproject_acr_swadesh-1	acr	tree	che\	ʧeʔ	
rosettaproject_acr_swadesh-1	acr	two	queb\	keɓ	
rosettaproject_acr_swadesh-1	acr	walk	b\in	ɓin	
rosettaproject_acr_swadesh-1	acr	water	ya	ja	
rosettaproject_acr_swadesh-1	acr	we	yoj	jox	
rosettaproject_acr_swadesh-1	acr	what	wach	waʧ	
rosettaproject_acr_swadesh-1	acr	who	pachinok	paʧinok	
rosettaproject_acr_swadesh-1	acr	woman	ixok	iʃok	
rosettaproject_caa_swadesh-1	caa	all	tuno\r	tunoʔr	
rosettaproject_caa_swadesh-1	caa	ashes	tan	tan	
rosettaproject_caa_swadesh-1	caa	bark	pat	pat	
rosettaproject_caa_swadesh-1	caa	big	nohta	nohta	
rosettaproject_caa_swadesh-1	caa	bird	mut	mut	
rosettaproject_caa_swadesh-1	caa	bite	ac\uhxop	acʼuhʃop	
rosettaproject_caa_swadesh-1	caa	black	negru u\t	negru uʔt	
rosettaproject_caa_swadesh-1	caa	blood	ch\ich\	ʧʼiʧʼ	
rosettaproject_caa_swadesh-1	caa	blow	uyuhta	ujuhta	
rosettaproject_caa_swadesh-1	caa	bone	b\ac	ɓac	
rosettaproject_caa_swadesh-1	caa	breast	uchu\	uʧuʔ	
rosettaproject_caa_swadesh-1	caa	burn	pur	pur	
rosettaproject_caa_swadesh-1	caa	child	sitz/ihch\oc	siʦ, ihʧʼoc	
rosettaproject_caa_swadesh-1	caa	cloud	tocar	tocar	
rosettaproject_caa_swadesh-1	caa	cold	insis	insis	
rosettaproject_caa_swadesh-1	caa	come	yo\p	joʔp	
rosettaproject_caa_swadesh-1	caa	cut	xur	ʃur	
rosettaproject_caa_swadesh-1	caa	day	ahq\uin	ahqʼuin	
rosettaproject_caa_swadesh-1	caa	die	cham	ʧam	
rosettaproject_caa_swadesh-1	caa	dig	impahni	impahni	
rosettaproject_caa_swadesh-1	caa	dog	tz\i\	ʦʼiʔ	
rosettaproject_caa_swadesh-1	caa	drink	ch\i	ʧʼi	
rosettaproject_caa_swadesh-1	caa	dry	taquin	takin	
rosettaproject_caa_swadesh-1	caa	dust	pococ	pococ	
rosettaproject_caa_swadesh-1	caa	ear	chiquin	ʧikin	
rosettaproject_caa_swadesh-1	caa	earth	rum	rum	
rosettaproject_caa_swadesh-1	caa	eat	we\	weʔ	
rosettaproject_caa_swadesh-1	caa	egg	cu\m	cuʔm	
rosettaproject_caa_swadesh-1	caa	eye	naq\uiu\t	naqʼuiuʔt	
rosettaproject_caa_swadesh-1	caa	fall	c\ax	cʼaʃ	
rosettaproject_caa_swadesh-1	caa	far	naht	naht	
rosettaproject_caa_swadesh-1	caa	fat (n.)	ch\ichmar	ʧʼiʧmar	
rosettaproject_caa_swadesh-1	caa	fear	ap\a\cta	apʼaʔcta	
rosettaproject_caa_swadesh-1	caa	feather	tzutz	ʦuʦ	
rosettaproject_caa_swadesh-1	caa	fingernail	or uyoc	or ujoc	
rosettaproject_caa_swadesh-1	caa	fire	c\ahc	cʼahc	
rosettaproject_caa_swadesh-1	caa	fish	chay	ʧaj	
rosettaproject_caa_swadesh-1	caa	five	inmohy	inmohj	
rosettaproject_caa_swadesh-1	caa	fly (v.)	top	top	
rosettaproject_caa_swadesh-1	caa	fog	mayuhy	majuhj	
rosettaproject_caa_swadesh-1	caa	foot	oc	oc	
rosettaproject_caa_swadesh-1	caa	four	chan	ʧan	
rosettaproject_caa_swadesh-1	caa	fruit	uyutir	ujutir	
rosettaproject_caa_swadesh-1	caa	full	b\ut\ur	ɓutʼur	
rosettaproject_caa_swadesh-1	caa	give	ahc\	ahcʼ	
rosettaproject_caa_swadesh-1	caa	good	imb\utzop	imɓuʦop	
rosettaproject_caa_swadesh-1	caa	green	yaxax	jaʃaʃ	
rosettaproject_caa_swadesh-1	caa	hair	tzutz	ʦuʦ	
rosettaproject_caa_swadesh-1	caa	hand	c\ap \	cʼap ʔ	
rosettaproject_caa_swadesh-1	caa	head	hor	hor	
rosettaproject_caa_swadesh-1	caa	hear	oyp\ica	ojpʼica	
rosettaproject_caa_swadesh-1	caa	heart	alma	alma	
rosettaproject_caa_swadesh-1	caa	heavy	mb\ar	mɓar	
rosettaproject_caa_swadesh-1	caa	here	tara	tara	
rosettaproject_caa_swadesh-1	caa	hit	tz\ohy	ʦʼohj	
rosettaproject_caa_swadesh-1	caa	horn	cachu	caʧu	
rosettaproject_caa_swadesh-1	caa	how?	tuc\a	tucʼa	
rosettaproject_caa_swadesh-1	caa	husband	noxip	noʃip	
rosettaproject_caa_swadesh-1	caa	i	en	en	
rosettaproject_caa_swadesh-1	caa	kill	chamse	ʧamse	
rosettaproject_caa_swadesh-1	caa	knee	pix	piʃ	
rosettaproject_caa_swadesh-1	caa	know	na\t	naʔt	
rosettaproject_caa_swadesh-1	caa	lake	eha\	ehaʔ	
rosettaproject_caa_swadesh-1	caa	laugh	tze\n	ʦeʔn	
rosettaproject_caa_swadesh-1	caa	leaf	uyopor	ujopor	
rosettaproject_caa_swadesh-1	caa	left	utz\ehc\ap	uʦʼehcʼap	
rosettaproject_caa_swadesh-1	caa	lie	ch\a	ʧʼa	
rosettaproject_caa_swadesh-1	caa	liver	xemem	ʃemem	
rosettaproject_caa_swadesh-1	caa	long	innaht	innaht	
rosettaproject_caa_swadesh-1	caa	louse	u\ch	uʔʧ	
rosettaproject_caa_swadesh-1	caa	man	winic	winic	
rosettaproject_caa_swadesh-1	caa	meat	we\r	weʔr	
rosettaproject_caa_swadesh-1	caa	moon	uh	uh	
rosettaproject_caa_swadesh-1	caa	mountain	witzir	wiʦir	
rosettaproject_caa_swadesh-1	caa	mouth	ti\	tiʔ	
rosettaproject_caa_swadesh-1	caa	name	uc\ab\a	ucʼaɓa	
rosettaproject_caa_swadesh-1	caa	near	nuťur	nu ur	
rosettaproject_caa_swadesh-1	caa	neck	nuc	nuc	
rosettaproject_caa_swadesh-1	caa	new	tapop	tapop	
rosettaproject_caa_swadesh-1	caa	night	acb\are	acɓare	
rosettaproject_caa_swadesh-1	caa	nose	ni\	niʔ	
rosettaproject_caa_swadesh-1	caa	one	in	in	
rosettaproject_caa_swadesh-1	caa	other	inmohr	inmohr	
rosettaproject_caa_swadesh-1	caa	person	winicop	winicop	
rosettaproject_caa_swadesh-1	caa	pull	nquerehb\a	nkerehɓa	
rosettaproject_caa_swadesh-1	caa	rain	haha\r	hahaʔr	
rosettaproject_caa_swadesh-1	caa	red	chacchacop	ʧacʧacop	
rosettaproject_caa_swadesh-1	caa	right	wach\ c\ab\	waʧʼ cʼaɓ	
rosettaproject_caa_swadesh-1	caa	river	xucur	ʃucur	
rosettaproject_caa_swadesh-1	caa	road	b\i\r	ɓiʔr	
rosettaproject_caa_swadesh-1	caa	root	wi\r	wiʔr	
rosettaproject_caa_swadesh-1	caa	rope	ch\a\n	ʧʼaʔn	
rosettaproject_caa_swadesh-1	caa	rope	succhih	sucʧih	
rosettaproject_caa_swadesh-1	caa	rotten	oq\uem	oqʼuem	
rosettaproject_caa_swadesh-1	caa	round	gororoh	gororoh	
rosettaproject_caa_swadesh-1	caa	sand	hi\	hiʔ	
rosettaproject_caa_swadesh-1	caa	say	a\r	aʔr	
rosettaproject_caa_swadesh-1	caa	see	wira	wira	
rosettaproject_caa_swadesh-1	caa	seed	hinah	hinah	
rosettaproject_caa_swadesh-1	caa	sing	c\aywi	cʼajwi	
rosettaproject_caa_swadesh-1	caa	sit	turu	turu	
rosettaproject_caa_swadesh-1	caa	skin	pat	pat	
rosettaproject_caa_swadesh-1	caa	sleep	way	waj	
rosettaproject_caa_swadesh-1	caa	smell	chuchu\ co\c	ʧuʧuʔ coʔc	
rosettaproject_caa_swadesh-1	caa	smoke	b\utz	ɓuʦ	
rosettaproject_caa_swadesh-1	caa	stab	inxeq\ue	inʃeqʼue	
rosettaproject_caa_swadesh-1	caa	stand	wa\r	waʔr	
rosettaproject_caa_swadesh-1	caa	star	e\c	eʔc	
rosettaproject_caa_swadesh-1	caa	stone	cha\	ʧaʔ	
rosettaproject_caa_swadesh-1	caa	stone	tun	tun	
rosettaproject_caa_swadesh-1	caa	suck	catz\upi	caʦʼupi	
rosettaproject_caa_swadesh-1	caa	sun	q\uin	qʼuin	
rosettaproject_caa_swadesh-1	caa	swell	asampa	asampa	
rosettaproject_caa_swadesh-1	caa	swim	nuhx	nuhʃ	
rosettaproject_caa_swadesh-1	caa	tail	neh	neh	
rosettaproject_caa_swadesh-1	caa	that	yaja\	jaxaʔ	
rosettaproject_caa_swadesh-1	caa	there	yaha\	jahaʔ	
rosettaproject_caa_swadesh-1	caa	thick	pim	pim	
rosettaproject_caa_swadesh-1	caa	thin	jay	xaj	
rosettaproject_caa_swadesh-1	caa	this	ira	ira	
rosettaproject_caa_swadesh-1	caa	thou	et	et	
rosettaproject_caa_swadesh-1	caa	tongue	a\c	aʔc	
rosettaproject_caa_swadesh-1	caa	tooth	cha\m	ʧaʔm	
rosettaproject_caa_swadesh-1	caa	tooth	eh	eh	
rosettaproject_caa_swadesh-1	caa	tree	te\	teʔ	
rosettaproject_caa_swadesh-1	caa	two	cha\	ʧaʔ	
rosettaproject_caa_swadesh-1	caa	walk	axanop	aʃanop	
rosettaproject_caa_swadesh-1	caa	warm	inq\uin	inqʼuin	
rosettaproject_caa_swadesh-1	caa	wash	poc	poc	
rosettaproject_caa_swadesh-1	caa	wash	pohch\	pohʧʼ	
rosettaproject_caa_swadesh-1	caa	water	ha\	haʔ	
rosettaproject_caa_swadesh-1	caa	we	oŋ	o	
rosettaproject_caa_swadesh-1	caa	wet	cuxur	cuʃur	
rosettaproject_caa_swadesh-1	caa	what	tuc\a	tucʼa	
rosettaproject_caa_swadesh-1	caa	when?	tuc\a dia	tucʼa dia	
rosettaproject_caa_swadesh-1	caa	where?	tia\	tiaʔ	
rosettaproject_caa_swadesh-1	caa	white	sacsac	sacsac	
rosettaproject_caa_swadesh-1	caa	who	chi	ʧi	
rosettaproject_caa_swadesh-1	caa	wife	wixca\r	wiʃcaʔr	
rosettaproject_caa_swadesh-1	caa	woman	\ixic	ʔiʃic	
rosettaproject_caa_swadesh-1	caa	woman	ihch\oc	ihʧʼoc	
rosettaproject_caa_swadesh-1	caa	ye	no\x	noʔʃ	
rosettaproject_caa_swadesh-1	caa	year	hap	hap	
rosettaproject_caa_swadesh-1	caa	yellow	c\an	cʼan	
rosettaproject_cac_swadesh-1	cac	all	smasnil	smasnil	
rosettaproject_cac_swadesh-1	cac	ashes	te ta\aŋ	te taʔa	
rosettaproject_cac_swadesh-1	cac	bark	jocb\al te\	xocɓal teʔ	
rosettaproject_cac_swadesh-1	cac	big	niwquil	niwkil	
rosettaproject_cac_swadesh-1	cac	bird	ch\ic	ʧʼic	
rosettaproject_cac_swadesh-1	cac	bite	chi\a	ʧiʔa	
rosettaproject_cac_swadesh-1	cac	black	q\uic\	qʼuicʼ	
rosettaproject_cac_swadesh-1	cac	blood	chiq\uil	ʧiqʼuil	
rosettaproject_cac_swadesh-1	cac	blow	utz\j	uʦʼx	
rosettaproject_cac_swadesh-1	cac	bone	b\ac	ɓac	
rosettaproject_cac_swadesh-1	cac	breast	im	im	
rosettaproject_cac_swadesh-1	cac	burn	tz\a\i	ʦʼaʔi	
rosettaproject_cac_swadesh-1	cac	child	\unin	ʔunin	
rosettaproject_cac_swadesh-1	cac	cloud	asun	asun	
rosettaproject_cac_swadesh-1	cac	cold	sic	sic	
rosettaproject_cac_swadesh-1	cac	come	jaw	xaw	
rosettaproject_cac_swadesh-1	cac	cut	tzuc\w	ʦucʼw	
rosettaproject_cac_swadesh-1	cac	day	c\u	cʼu	
rosettaproject_cac_swadesh-1	cac	die	chami	ʧami	
rosettaproject_cac_swadesh-1	cac	dig	joyo	xojo	
rosettaproject_cac_swadesh-1	cac	dog	tz\i\	ʦʼiʔ	
rosettaproject_cac_swadesh-1	cac	drink	ucj	ucx	
rosettaproject_cac_swadesh-1	cac	dry	taquin	takin	
rosettaproject_cac_swadesh-1	cac	dust	pojoj	poxox	
rosettaproject_cac_swadesh-1	cac	ear	chiquin	ʧikin	
rosettaproject_cac_swadesh-1	cac	earth	lu\um	luʔum	
rosettaproject_cac_swadesh-1	cac	eat	wa\i	waʔi	
rosettaproject_cac_swadesh-1	cac	egg	ŋolob\	oloɓ	
rosettaproject_cac_swadesh-1	cac	eye	yol sat	jol sat	
rosettaproject_cac_swadesh-1	cac	fall	\em ta	ʔem ta	
rosettaproject_cac_swadesh-1	cac	far	najat	naxat	
rosettaproject_cac_swadesh-1	cac	fat (n.)	mantca\	mantcaʔ	
rosettaproject_cac_swadesh-1	cac	fear	xiwi	ʃiwi	
rosettaproject_cac_swadesh-1	cac	feather	xil	ʃil	
rosettaproject_cac_swadesh-1	cac	fingernail	ech	eʧ	
rosettaproject_cac_swadesh-1	cac	fire	c\ac\	cʼacʼ	
rosettaproject_cac_swadesh-1	cac	fish	chay	ʧaj	
rosettaproject_cac_swadesh-1	cac	five	o\e\	oʔeʔ	
rosettaproject_cac_swadesh-1	cac	fly (v.)	jeŋw	xe w	
rosettaproject_cac_swadesh-1	cac	fog	q\uicl \asun	qʼuicl ʔasun	
rosettaproject_cac_swadesh-1	cac	foot	oc	oc	
rosettaproject_cac_swadesh-1	cac	four	chaŋe\	ʧa eʔ	
rosettaproject_cac_swadesh-1	cac	fruit	sat	sat	
rosettaproject_cac_swadesh-1	cac	full	b\utji	ɓutxi	
rosettaproject_cac_swadesh-1	cac	give	ac\	acʼ	
rosettaproject_cac_swadesh-1	cac	good	wach\	waʧʼ	
rosettaproject_cac_swadesh-1	cac	green	yax	jaʃ	
rosettaproject_cac_swadesh-1	cac	hair	xil jolom	ʃil xolom	
rosettaproject_cac_swadesh-1	cac	hand	c\ab\	cʼaɓ	
rosettaproject_cac_swadesh-1	cac	head	jolom	xolom	
rosettaproject_cac_swadesh-1	cac	hear	ab\i	aɓi	
rosettaproject_cac_swadesh-1	cac	heart	pixan	piʃan	
rosettaproject_cac_swadesh-1	cac	heavy	al	al	
rosettaproject_cac_swadesh-1	cac	here	atic	atic	
rosettaproject_cac_swadesh-1	cac	hit	mac\a	macʼa	
rosettaproject_cac_swadesh-1	cac	horn	ch\a\ac	ʧʼaʔac	
rosettaproject_cac_swadesh-1	cac	how?	chajl	ʧaxl	
rosettaproject_cac_swadesh-1	cac	husband	ichmil	iʧmil	
rosettaproject_cac_swadesh-1	cac	i	in	in	
rosettaproject_cac_swadesh-1	cac	kill	mila\	milaʔ	
rosettaproject_cac_swadesh-1	cac	knee	jolm penec	xolm penec	
rosettaproject_cac_swadesh-1	cac	know	ojc	oxc	
rosettaproject_cac_swadesh-1	cac	lake	pama	pama	
rosettaproject_cac_swadesh-1	cac	laugh	tz\ewji	ʦʼewxi	
rosettaproject_cac_swadesh-1	cac	leaf	xil te\	ʃil teʔ	
rosettaproject_cac_swadesh-1	cac	left	sarito	sarito	
rosettaproject_cac_swadesh-1	cac	lie	ec\ cotan	ecʼ cotan	
rosettaproject_cac_swadesh-1	cac	liver	seyub\	sejuɓ	
rosettaproject_cac_swadesh-1	cac	long	najt	naxt	
rosettaproject_cac_swadesh-1	cac	louse	uc\	ucʼ	
rosettaproject_cac_swadesh-1	cac	man	winac	winac	
rosettaproject_cac_swadesh-1	cac	meat?	chib\j	ʧiɓx	
rosettaproject_cac_swadesh-1	cac	moon	\uj	ʔux	
rosettaproject_cac_swadesh-1	cac	mountain	witz	wiʦ	
rosettaproject_cac_swadesh-1	cac	mouth	ti\	tiʔ	
rosettaproject_cac_swadesh-1	cac	name	b\i	ɓi	
rosettaproject_cac_swadesh-1	cac	near	lac\an	lacʼan	
rosettaproject_cac_swadesh-1	cac	neck	jaj	xax	
rosettaproject_cac_swadesh-1	cac	new	ac\	acʼ	
rosettaproject_cac_swadesh-1	cac	night	ac\wal	acʼwal	
rosettaproject_cac_swadesh-1	cac	nose	ŋi\	iʔ	
rosettaproject_cac_swadesh-1	cac	one	jun	xun	
rosettaproject_cac_swadesh-1	cac	other	jun xo	xun ʃo	
rosettaproject_cac_swadesh-1	cac	person	anma\	anmaʔ	
rosettaproject_cac_swadesh-1	cac	pull	toc\o	tocʼo	
rosettaproject_cac_swadesh-1	cac	rain	puch nab\	puʧ naɓ	
rosettaproject_cac_swadesh-1	cac	red	chac	ʧac	
rosettaproject_cac_swadesh-1	cac	right	wach\ c\ab\	waʧʼ cʼaɓ	
rosettaproject_cac_swadesh-1	cac	river	niwn a\	niwn aʔ	
rosettaproject_cac_swadesh-1	cac	road	b\e	ɓe	
rosettaproject_cac_swadesh-1	cac	root	ch\aŋl yip	ʧʼa l jip	
rosettaproject_cac_swadesh-1	cac	rope	ch\aŋ	ʧʼa	
rosettaproject_cac_swadesh-1	cac	rotten	c\a·el	cʼaːel	
rosettaproject_cac_swadesh-1	cac	round	pilan	pilan	
rosettaproject_cac_swadesh-1	cac	sand	poc	poc	
rosettaproject_cac_swadesh-1	cac	say	chi	ʧi	
rosettaproject_cac_swadesh-1	cac	see	wila\	wilaʔ	
rosettaproject_cac_swadesh-1	cac	seed	iŋat	i at	
rosettaproject_cac_swadesh-1	cac	sing	b\itni	ɓitni	
rosettaproject_cac_swadesh-1	cac	sit	\em wocan	ʔem wocan	
rosettaproject_cac_swadesh-1	cac	skin	tz\umal	ʦʼumal	
rosettaproject_cac_swadesh-1	cac	sleep	wayaŋ	waja	
rosettaproject_cac_swadesh-1	cac	smell	yune	june	
rosettaproject_cac_swadesh-1	cac	smoke	tab\	taɓ	
rosettaproject_cac_swadesh-1	cac	stab	olo	olo	
rosettaproject_cac_swadesh-1	cac	stand	q\ue liŋan	qʼue li an	
rosettaproject_cac_swadesh-1	cac	star	c\anal	cʼanal	
rosettaproject_cac_swadesh-1	cac	stone	cha\	ʧaʔ	
rosettaproject_cac_swadesh-1	cac	stone	q\ue\en	qʼueʔen	
rosettaproject_cac_swadesh-1	cac	suck	tz\ub\u	ʦʼuɓu	
rosettaproject_cac_swadesh-1	cac	sun	c\u	cʼu	
rosettaproject_cac_swadesh-1	cac	swell	niw tji	niw txi	
rosettaproject_cac_swadesh-1	cac	swim	\achni	ʔaʧni	
rosettaproject_cac_swadesh-1	cac	tail	y℮	j	
rosettaproject_cac_swadesh-1	cac	that	jun...cha	xun ʧa	
rosettaproject_cac_swadesh-1	cac	there	acha	aʧa	
rosettaproject_cac_swadesh-1	cac	thick	pim	pim	
rosettaproject_cac_swadesh-1	cac	thin	xaxo	ʃaʃo	
rosettaproject_cac_swadesh-1	cac	this	jun...tic	xun tic	
rosettaproject_cac_swadesh-1	cac	thou	ach	aʧ	
rosettaproject_cac_swadesh-1	cac	tongue	ac\	acʼ	
rosettaproject_cac_swadesh-1	cac	tooth	e	e	
rosettaproject_cac_swadesh-1	cac	tree	te\	teʔ	
rosettaproject_cac_swadesh-1	cac	two	cha\ab\	ʧaʔaɓ	
rosettaproject_cac_swadesh-1	cac	walk	b\ey	ɓej	
rosettaproject_cac_swadesh-1	cac	warm	c\ac\l	cʼacʼl	
rosettaproject_cac_swadesh-1	cac	wash	b\ic	ɓic	
rosettaproject_cac_swadesh-1	cac	wash	juc	xuc	
rosettaproject_cac_swadesh-1	cac	water	a\	aʔ	
rosettaproject_cac_swadesh-1	cac	we	oŋ	o	
rosettaproject_cac_swadesh-1	cac	wet	jich\	xiʧʼ	
rosettaproject_cac_swadesh-1	cac	what	tas	tas	
rosettaproject_cac_swadesh-1	cac	when?	b\ac\n	ɓacʼn	
rosettaproject_cac_swadesh-1	cac	where?	\ajtil	ʔaxtil	
rosettaproject_cac_swadesh-1	cac	white	sac	sac	
rosettaproject_cac_swadesh-1	cac	who	mach	maʧ	
rosettaproject_cac_swadesh-1	cac	wife	istzil	isʦil	
rosettaproject_cac_swadesh-1	cac	woman	\ix	ʔiʃ	
rosettaproject_cac_swadesh-1	cac	woman	cob\s ix	coɓs iʃ	
rosettaproject_cac_swadesh-1	cac	ye	extìc	eʃt c	
rosettaproject_cac_swadesh-1	cac	year	\ab\il	ʔaɓil	
rosettaproject_cac_swadesh-1	cac	yellow	c\an	cʼan	
rosettaproject_cak_swadesh-1	cak	all	conohel	conohel	
rosettaproject_cak_swadesh-1	cak	ashes	chah	ʧah	
rosettaproject_cak_swadesh-1	cak	bark	rih	rih	
rosettaproject_cak_swadesh-1	cak	big	nim	nim	
rosettaproject_cak_swadesh-1	cak	bird	xic\ chicop	ʃicʼ ʧicop	
rosettaproject_cak_swadesh-1	cak	bite	geb\a\on	geɓaʔon	
rosettaproject_cak_swadesh-1	cak	black	k\äk	kʼək	
rosettaproject_cak_swadesh-1	cak	blood	quiq\uel	kiqʼuel	
rosettaproject_cak_swadesh-1	cak	blow	xupuh	ʃupuh	
rosettaproject_cak_swadesh-1	cak	bone	b\ak	ɓak	
rosettaproject_cak_swadesh-1	cak	breast	tz\um	ʦʼum	
rosettaproject_cak_swadesh-1	cak	burn	c\at	cʼat	
rosettaproject_cak_swadesh-1	cak	child	ac\wal	acʼwal	
rosettaproject_cak_swadesh-1	cak	cloud	sutz\	suʦʼ	
rosettaproject_cak_swadesh-1	cak	cold	tew	tew	
rosettaproject_cak_swadesh-1	cak	come	kohpe	kohpe	
rosettaproject_cak_swadesh-1	cak	cut	kupin	kupin	
rosettaproject_cak_swadesh-1	cak	day	k\ih	kʼih	
rosettaproject_cak_swadesh-1	cak	die	cum	cum	
rosettaproject_cak_swadesh-1	cak	dig	c\oton	cʼoton	
rosettaproject_cak_swadesh-1	cak	dog	tz\i\	ʦʼiʔ	
rosettaproject_cak_swadesh-1	cak	drink	kum	kum	
rosettaproject_cak_swadesh-1	cak	dry	chaki\h	ʧakiʔh	
rosettaproject_cak_swadesh-1	cak	dust	c\äj ulew	cʼəx ulew	
rosettaproject_cak_swadesh-1	cak	ear	holon	holon	
rosettaproject_cak_swadesh-1	cak	earth	ulew	ulew	
rosettaproject_cak_swadesh-1	cak	eat	wa\	waʔ	
rosettaproject_cak_swadesh-1	cak	egg	sakmolo\	sakmoloʔ	
rosettaproject_cak_swadesh-1	cak	eye	nak\wäch	nakʼwəʧ	
rosettaproject_cak_swadesh-1	cak	fall	tzak	ʦak	
rosettaproject_cak_swadesh-1	cak	far	näh	nəh	
rosettaproject_cak_swadesh-1	cak	fat (n.)	manteca	manteca	
rosettaproject_cak_swadesh-1	cak	fear	xib\ih ri\	ʃiɓih riʔ	
rosettaproject_cak_swadesh-1	cak	feather	sumal	sumal	
rosettaproject_cak_swadesh-1	cak	fingernail	ixc\yäk	iʃcʼjək	
rosettaproject_cak_swadesh-1	cak	fire	k\ak\	kʼakʼ	
rosettaproject_cak_swadesh-1	cak	fish	car	car	
rosettaproject_cak_swadesh-1	cak	five	wo\o\	woʔoʔ	
rosettaproject_cak_swadesh-1	cak	fly (v.)	xic\an	ʃicʼan	
rosettaproject_cak_swadesh-1	cak	fog	sutz\	suʦʼ	
rosettaproject_cak_swadesh-1	cak	foot	akän	akən	
rosettaproject_cak_swadesh-1	cak	four	cahi\	cahiʔ	
rosettaproject_cak_swadesh-1	cak	fruit	ru wäch	ru wəʧ	
rosettaproject_cak_swadesh-1	cak	full	nohnäk	nohnək	
rosettaproject_cak_swadesh-1	cak	give	ya\	jaʔ	
rosettaproject_cak_swadesh-1	cak	good	utz	uʦ	
rosettaproject_cak_swadesh-1	cak	green	räx	rəʃ	
rosettaproject_cak_swadesh-1	cak	hair	sumal	sumal	
rosettaproject_cak_swadesh-1	cak	hand	k\a\	kʼaʔ	
rosettaproject_cak_swadesh-1	cak	head	wi\	wiʔ	
rosettaproject_cak_swadesh-1	cak	hear	ac\axah	acʼaʃah	
rosettaproject_cak_swadesh-1	cak	heart	anima\	animaʔ	
rosettaproject_cak_swadesh-1	cak	heavy	al	al	
rosettaproject_cak_swadesh-1	cak	here	wawe\	waweʔ	
rosettaproject_cak_swadesh-1	cak	hit	ch\ayon	ʧʼajon	
rosettaproject_cak_swadesh-1	cak	horn	rue\ wa\	rueʔ waʔ	
rosettaproject_cak_swadesh-1	cak	how?	achique	aʧike	
rosettaproject_cak_swadesh-1	cak	husband	rachijü	raʧix	
rosettaproject_cak_swadesh-1	cak	i	yin	jin	
rosettaproject_cak_swadesh-1	cak	kill	camisah	camisah	
rosettaproject_cak_swadesh-1	cak	knee	ch\ec	ʧʼec	
rosettaproject_cak_swadesh-1	cak	know	etam	etam	
rosettaproject_cak_swadesh-1	cak	lake	choy	ʧoj	
rosettaproject_cak_swadesh-1	cak	laugh	tze\en	ʦeʔen	
rosettaproject_cak_swadesh-1	cak	leaf	xak	ʃak	
rosettaproject_cak_swadesh-1	cak	left	ruxocon	ruʃocon	
rosettaproject_cak_swadesh-1	cak	lie	cotz\ol	coʦʼol	
rosettaproject_cak_swadesh-1	cak	liver	sase\	saseʔ	
rosettaproject_cak_swadesh-1	cak	long	nim	nim	
rosettaproject_cak_swadesh-1	cak	louse	hun	hun	
rosettaproject_cak_swadesh-1	cak	man	achin	aʧin	
rosettaproject_cak_swadesh-1	cak	meat	ti\	tiʔ	
rosettaproject_cak_swadesh-1	cak	moon	ic\	icʼ	
rosettaproject_cak_swadesh-1	cak	mountain	huyu\	hujuʔ	
rosettaproject_cak_swadesh-1	cak	mouth	chi\	ʧiʔ	
rosettaproject_cak_swadesh-1	cak	name	b\i\	ɓiʔ	
rosettaproject_cak_swadesh-1	cak	near	chunakah	ʧunakah	
rosettaproject_cak_swadesh-1	cak	neck	kul	kul	
rosettaproject_cak_swadesh-1	cak	new	c\ac\a	cʼacʼa	
rosettaproject_cak_swadesh-1	cak	night	chak\a\	ʧakʼaʔ	
rosettaproject_cak_swadesh-1	cak	nose	atza\n	aʦaʔn	
rosettaproject_cak_swadesh-1	cak	one	hun	hun	
rosettaproject_cak_swadesh-1	cak	other	hun chic	hun ʧic	
rosettaproject_cak_swadesh-1	cak	person	winak	winak	
rosettaproject_cak_swadesh-1	cak	pull	hec\on	hecʼon	
rosettaproject_cak_swadesh-1	cak	rain	hob\	hoɓ	
rosettaproject_cak_swadesh-1	cak	red	cyäk	cjək	
rosettaproject_cak_swadesh-1	cak	right	rihquik\a\	rihkikʼaʔ	
rosettaproject_cak_swadesh-1	cak	river	rakän ya\	rakən jaʔ	
rosettaproject_cak_swadesh-1	cak	road	b\ey	ɓej	
rosettaproject_cak_swadesh-1	cak	root	xe\	ʃeʔ	
rosettaproject_cak_swadesh-1	cak	rope	colo\	coloʔ	
rosettaproject_cak_swadesh-1	cak	rope	sakquiy	sakkij	
rosettaproject_cak_swadesh-1	cak	rotten	k\aynäk	kʼajnək	
rosettaproject_cak_swadesh-1	cak	round	seton	seton	
rosettaproject_cak_swadesh-1	cak	sand	sanayi\	sanajiʔ	
rosettaproject_cak_swadesh-1	cak	say	b\ih	ɓih	
rosettaproject_cak_swadesh-1	cak	see	tz\et	ʦʼet	
rosettaproject_cak_swadesh-1	cak	seed	iha\tz	ihaʔʦ	
rosettaproject_cak_swadesh-1	cak	sing	b\ixan	ɓiʃan	
rosettaproject_cak_swadesh-1	cak	sit	tz\uyul	ʦʼujul	
rosettaproject_cak_swadesh-1	cak	skin	tz\umal	ʦʼumal	
rosettaproject_cak_swadesh-1	cak	sleep	war	war	
rosettaproject_cak_swadesh-1	cak	smell	ch\uti\n	ʧʼutiʔn	
rosettaproject_cak_swadesh-1	cak	smoke	sub\	suɓ	
rosettaproject_cak_swadesh-1	cak	stab	tek\un	tekʼun	
rosettaproject_cak_swadesh-1	cak	stand	pa\el	paʔel	
rosettaproject_cak_swadesh-1	cak	star	ch\umil	ʧʼumil	
rosettaproject_cak_swadesh-1	cak	stone	ab\äh	aɓəh	
rosettaproject_cak_swadesh-1	cak	stone	ca\	caʔ	
rosettaproject_cak_swadesh-1	cak	suck	-		
rosettaproject_cak_swadesh-1	cak	sun	k\ih	kʼih	
rosettaproject_cak_swadesh-1	cak	swell	sipoh	sipoh	
rosettaproject_cak_swadesh-1	cak	swim	muxan	muʃan	
rosettaproject_cak_swadesh-1	cak	tail	hey	hej	
rosettaproject_cak_swadesh-1	cak	that	la... la\	la laʔ	
rosettaproject_cak_swadesh-1	cak	there	quela\	kelaʔ	
rosettaproject_cak_swadesh-1	cak	thick	pim	pim	
rosettaproject_cak_swadesh-1	cak	thin	b\ak	ɓak	
rosettaproject_cak_swadesh-1	cak	this	re...re\	re reʔ	
rosettaproject_cak_swadesh-1	cak	thou	rat	rat	
rosettaproject_cak_swadesh-1	cak	tongue	ak\	akʼ	
rosettaproject_cak_swadesh-1	cak	tooth	ey	ej	
rosettaproject_cak_swadesh-1	cak	tooth	wey	wej	
rosettaproject_cak_swadesh-1	cak	tree	che\	ʧeʔ	
rosettaproject_cak_swadesh-1	cak	two	ca\i\	caʔiʔ	
rosettaproject_cak_swadesh-1	cak	walk	b\iyin	ɓijin	
rosettaproject_cak_swadesh-1	cak	warm	mek\en	mekʼen	
rosettaproject_cak_swadesh-1	cak	wash	ch\äh	ʧʼəh	
rosettaproject_cak_swadesh-1	cak	water	ya\	jaʔ	
rosettaproject_cak_swadesh-1	cak	we	roj	rox	
rosettaproject_cak_swadesh-1	cak	wet	chäkäl	ʧəkəl	
rosettaproject_cak_swadesh-1	cak	what	achique	aʧike	
rosettaproject_cak_swadesh-1	cak	when?	hampä	hampə	
rosettaproject_cak_swadesh-1	cak	where?	acuchi\	acuʧiʔ	
rosettaproject_cak_swadesh-1	cak	white	säk	sək	
rosettaproject_cak_swadesh-1	cak	who	achique	aʧike	
rosettaproject_cak_swadesh-1	cak	wife	rixhayil	riʃhajil	
rosettaproject_cak_swadesh-1	cak	woman	ahic\	ahicʼ	
rosettaproject_cak_swadesh-1	cak	woman	ixok	iʃok	
rosettaproject_cak_swadesh-1	cak	ye	rix	riʃ	
rosettaproject_cak_swadesh-1	cak	year	huna\	hunaʔ	
rosettaproject_cak_swadesh-1	cak	yellow	k\än	kʼən	
rosettaproject_jac_swadesh-1	jac	all	sunil	sunil	
rosettaproject_jac_swadesh-1	jac	ashes	taŋ	ta	
rosettaproject_jac_swadesh-1	jac	bark	tz\umal	ʦʼumal	
rosettaproject_jac_swadesh-1	jac	big	nim	nim	
rosettaproject_jac_swadesh-1	jac	bird	ch\ic	ʧʼic	
rosettaproject_jac_swadesh-1	jac	bite	chichiwa	ʧiʧiwa	
rosettaproject_jac_swadesh-1	jac	black	q\uej	qʼuex	
rosettaproject_jac_swadesh-1	jac	blood	chiquil	ʧikil	
rosettaproject_jac_swadesh-1	jac	blow	xu	ʃu	
rosettaproject_jac_swadesh-1	jac	bone	b\aj	ɓax	
rosettaproject_jac_swadesh-1	jac	breast	im	im	
rosettaproject_jac_swadesh-1	jac	burn	tz\ay	ʦʼaj	
rosettaproject_jac_swadesh-1	jac	child	nich\an unin	niʧʼan unin	
rosettaproject_jac_swadesh-1	jac	cloud	moyan	mojan	
rosettaproject_jac_swadesh-1	jac	cold	chew	ʧew	
rosettaproject_jac_swadesh-1	jac	come	ul	ul	
rosettaproject_jac_swadesh-1	jac	cut	tzo	ʦo	
rosettaproject_jac_swadesh-1	jac	day	tz\ayic	ʦʼajic	
rosettaproject_jac_swadesh-1	jac	die	cam	cam	
rosettaproject_jac_swadesh-1	jac	dig	pulil	pulil	
rosettaproject_jac_swadesh-1	jac	dog	mech tx\i\	meʧ ʧʼiʔ	
rosettaproject_jac_swadesh-1	jac	drink	uk	uk	
rosettaproject_jac_swadesh-1	jac	dry	taj	tax	
rosettaproject_jac_swadesh-1	jac	dust	pu·j	puːx	
rosettaproject_jac_swadesh-1	jac	ear	txiquin	ʧikin	
rosettaproject_jac_swadesh-1	jac	earth	tx\otx\	ʧʼoʧʼ	
rosettaproject_jac_swadesh-1	jac	eat	wa\	waʔ	
rosettaproject_jac_swadesh-1	jac	egg	hos	hos	
rosettaproject_jac_swadesh-1	jac	eye	b\ak sat	ɓak sat	
rosettaproject_jac_swadesh-1	jac	fall	pul	pul	
rosettaproject_jac_swadesh-1	jac	far	nahata	nahata	
rosettaproject_jac_swadesh-1	jac	fat (n.)	manteca	manteca	
rosettaproject_jac_swadesh-1	jac	fear	chixiw naj	ʧiʃiw nax	
rosettaproject_jac_swadesh-1	jac	feather	xil	ʃil	
rosettaproject_jac_swadesh-1	jac	fingernail	yiskaje	jiskaxe	
rosettaproject_jac_swadesh-1	jac	fire	k\a\	kʼaʔ	
rosettaproject_jac_swadesh-1	jac	fish	cay	caj	
rosettaproject_jac_swadesh-1	jac	five	ho	ho	
rosettaproject_jac_swadesh-1	jac	fly (v.)	pur	pur	
rosettaproject_jac_swadesh-1	jac	fog	moyan	mojan	
rosettaproject_jac_swadesh-1	jac	foot	oj	ox	
rosettaproject_jac_swadesh-1	jac	four	caŋ	ca	
rosettaproject_jac_swadesh-1	jac	fruit	lob\al	loɓal	
rosettaproject_jac_swadesh-1	jac	full	nohnaj	nohnax	
rosettaproject_jac_swadesh-1	jac	give	ak	ak	
rosettaproject_jac_swadesh-1	jac	good	c\ul	cʼul	
rosettaproject_jac_swadesh-1	jac	green	yax	jaʃ	
rosettaproject_jac_swadesh-1	jac	hair	xil	ʃil	
rosettaproject_jac_swadesh-1	jac	hand	k\ab\	kʼaɓ	
rosettaproject_jac_swadesh-1	jac	head	wi\	wiʔ	
rosettaproject_jac_swadesh-1	jac	hear	wab\e	waɓe	
rosettaproject_jac_swadesh-1	jac	heart	anma	anma	
rosettaproject_jac_swadesh-1	jac	heavy	al	al	
rosettaproject_jac_swadesh-1	jac	here	b\ey ti\	ɓej tiʔ	
rosettaproject_jac_swadesh-1	jac	hit	tiŋ	ti	
rosettaproject_jac_swadesh-1	jac	horn	yuc\a	jucʼa	
rosettaproject_jac_swadesh-1	jac	how?	tzet	ʦet	
rosettaproject_jac_swadesh-1	jac	husband	yichamil ix	jiʧamil iʃ	
rosettaproject_jac_swadesh-1	jac	i	haninan	haninan	
rosettaproject_jac_swadesh-1	jac	kill	b\itza	ɓiʦa	
rosettaproject_jac_swadesh-1	jac	knee	witx\i\	wiʧʼiʔ	
rosettaproject_jac_swadesh-1	jac	know	wohtajoj	wohtaxox	
rosettaproject_jac_swadesh-1	jac	lake	niman ha\	niman haʔ	
rosettaproject_jac_swadesh-1	jac	laugh	chitzetb\i naj	ʧiʦetɓi nax	
rosettaproject_jac_swadesh-1	jac	leaf	xaj	ʃax	
rosettaproject_jac_swadesh-1	jac	left	mec	mec	
rosettaproject_jac_swadesh-1	jac	lie	hil	hil	
rosettaproject_jac_swadesh-1	jac	liver	sasip	sasip	
rosettaproject_jac_swadesh-1	jac	long	nahata	nahata	
rosettaproject_jac_swadesh-1	jac	louse	uc\	ucʼ	
rosettaproject_jac_swadesh-1	jac	man	naj	nax	
rosettaproject_jac_swadesh-1	jac	meat	chib\e	ʧiɓe	
rosettaproject_jac_swadesh-1	jac	moon	ix ahaw	iʃ ahaw	
rosettaproject_jac_swadesh-1	jac	mountain	witz	wiʦ	
rosettaproject_jac_swadesh-1	jac	mouth	ti\	tiʔ	
rosettaproject_jac_swadesh-1	jac	name	b\i	ɓi	
rosettaproject_jac_swadesh-1	jac	near	cawil	cawil	
rosettaproject_jac_swadesh-1	jac	neck	nuk	nuk	
rosettaproject_jac_swadesh-1	jac	new	ac\	acʼ	
rosettaproject_jac_swadesh-1	jac	night	ak\b\alil	akʼɓalil	
rosettaproject_jac_swadesh-1	jac	nose	txam	ʧam	
rosettaproject_jac_swadesh-1	jac	one	hun	hun	
rosettaproject_jac_swadesh-1	jac	other	hunxa	hunʃa	
rosettaproject_jac_swadesh-1	jac	person	b\e	ɓe	
rosettaproject_jac_swadesh-1	jac	pull	ŋic\	icʼ	
rosettaproject_jac_swadesh-1	jac	rain	ŋap	ap	
rosettaproject_jac_swadesh-1	jac	red	caj	cax	
rosettaproject_jac_swadesh-1	jac	right	watx\	waʧʼ	
rosettaproject_jac_swadesh-1	jac	river	niman ha\	niman haʔ	
rosettaproject_jac_swadesh-1	jac	road	b\e	ɓe	
rosettaproject_jac_swadesh-1	jac	root	xe\	ʃeʔ	
rosettaproject_jac_swadesh-1	jac	rope	tx\aŋ lasu	ʧʼa lasu	
rosettaproject_jac_swadesh-1	jac	rope	ux\aŋ	uʃʼa	
rosettaproject_jac_swadesh-1	jac	rotten	k\anaj xa	kʼanax ʃa	
rosettaproject_jac_swadesh-1	jac	round	pet	pet	
rosettaproject_jac_swadesh-1	jac	sand	arena	arena	
rosettaproject_jac_swadesh-1	jac	say	al	al	
rosettaproject_jac_swadesh-1	jac	see	il	il	
rosettaproject_jac_swadesh-1	jac	seed	iŋat	i at	
rosettaproject_jac_swadesh-1	jac	sing	b\itni	ɓitni	
rosettaproject_jac_swadesh-1	jac	sit	pis	pis	
rosettaproject_jac_swadesh-1	jac	skin	tz\umal	ʦʼumal	
rosettaproject_jac_swadesh-1	jac	sleep	way	waj	
rosettaproject_jac_swadesh-1	jac	smell	niẍtej	ni tex	
rosettaproject_jac_swadesh-1	jac	smoke	ŋup	up	
rosettaproject_jac_swadesh-1	jac	stab	tok	tok	
rosettaproject_jac_swadesh-1	jac	stand	liŋ	li	
rosettaproject_jac_swadesh-1	jac	star	tx\umel	ʧʼumel	
rosettaproject_jac_swadesh-1	jac	stone	ch\en	ʧʼen	
rosettaproject_jac_swadesh-1	jac	stone	cya\	cjaʔ	
rosettaproject_jac_swadesh-1	jac	suck	tz\ub\aŋ	ʦʼuɓa	
rosettaproject_jac_swadesh-1	jac	sun	tz\ayic	ʦʼajic	
rosettaproject_jac_swadesh-1	jac	swell	chimali	ʧimali	
rosettaproject_jac_swadesh-1	jac	swim	in maknihan ha\	in maknihan haʔ	
rosettaproject_jac_swadesh-1	jac	tail	ŋe	e	
rosettaproject_jac_swadesh-1	jac	that	tu\	tuʔ	
rosettaproject_jac_swadesh-1	jac	there	b\ey tu\	ɓej tuʔ	
rosettaproject_jac_swadesh-1	jac	thick	pim	pim	
rosettaproject_jac_swadesh-1	jac	thin	xa·äj	ʃaːəx	
rosettaproject_jac_swadesh-1	jac	this	ti\	tiʔ	
rosettaproject_jac_swadesh-1	jac	thou	hach	haʧ	
rosettaproject_jac_swadesh-1	jac	tongue	ak	ak	
rosettaproject_jac_swadesh-1	jac	tooth	e	e	
rosettaproject_jac_swadesh-1	jac	tooth	tx\ab\al	ʧʼaɓal	
rosettaproject_jac_swadesh-1	jac	tree	k\eptaj	kʼeptax	
rosettaproject_jac_swadesh-1	jac	two	cap	cap	
rosettaproject_jac_swadesh-1	jac	walk	b\el	ɓel	
rosettaproject_jac_swadesh-1	jac	warm	k\aẍ	kʼa	
rosettaproject_jac_swadesh-1	jac	wash	tx\ah	ʧʼah	
rosettaproject_jac_swadesh-1	jac	water	ha\	haʔ	
rosettaproject_jac_swadesh-1	jac	we	haŋoŋaŋ	ha o a	
rosettaproject_jac_swadesh-1	jac	wet	chac\	ʧacʼ	
rosettaproject_jac_swadesh-1	jac	what	tzet	ʦet	
rosettaproject_jac_swadesh-1	jac	when?	b\akin	ɓakin	
rosettaproject_jac_swadesh-1	jac	where?	b\au	ɓau	
rosettaproject_jac_swadesh-1	jac	white	saj	sax	
rosettaproject_jac_swadesh-1	jac	who	mac	mac	
rosettaproject_jac_swadesh-1	jac	wife	yixal naj	jiʃal nax	
rosettaproject_jac_swadesh-1	jac	woman	ix	iʃ	
rosettaproject_jac_swadesh-1	jac	woman	k\opo	kʼopo	
rosettaproject_jac_swadesh-1	jac	ye	heẍ	he	
rosettaproject_jac_swadesh-1	jac	year	hab\il	haɓil	
rosettaproject_jac_swadesh-1	jac	yellow	k\an	kʼan	
rosettaproject_kek_swadesh-1	kek	all	chijunil	ʧixunil	
rosettaproject_kek_swadesh-1	kek	ashes	cha	ʧa	
rosettaproject_kek_swadesh-1	kek	bark	rix	riʃ	
rosettaproject_kek_swadesh-1	kek	big	nim	nim	
rosettaproject_kek_swadesh-1	kek	bird	tz\ic	ʦʼic	
rosettaproject_kek_swadesh-1	kek	bite	ti\	tiʔ	
rosettaproject_kek_swadesh-1	kek	black	k\ek	kʼek	
rosettaproject_kek_swadesh-1	kek	blood	quiq\uel	kiqʼuel	
rosettaproject_kek_swadesh-1	kek	blow	rapunquil	rapunkil	
rosettaproject_kek_swadesh-1	kek	bone	b\ak	ɓak	
rosettaproject_kek_swadesh-1	kek	breast	wach a k\ox	waʧ a kʼoʃ	
rosettaproject_kek_swadesh-1	kek	burn	humuc	humuc	
rosettaproject_kek_swadesh-1	kek	child	al	al	
rosettaproject_kek_swadesh-1	kek	cloud	chok	ʧok	
rosettaproject_kek_swadesh-1	kek	cold	k\ojyi·n	kʼoxjiːn	
rosettaproject_kek_swadesh-1	kek	come	cha·lk	ʧaːlk	
rosettaproject_kek_swadesh-1	kek	cut	yoc\oc	jocʼoc	
rosettaproject_kek_swadesh-1	kek	day	cutan	cutan	
rosettaproject_kek_swadesh-1	kek	die	cam	cam	
rosettaproject_kek_swadesh-1	kek	dig	b\e·coc	ɓeːcoc	
rosettaproject_kek_swadesh-1	kek	dog	tx\i\	ʧʼiʔ	
rosettaproject_kek_swadesh-1	kek	drink	uc\a	ucʼa	
rosettaproject_kek_swadesh-1	kek	dry	tzaj	ʦax	
rosettaproject_kek_swadesh-1	kek	dust	-		
rosettaproject_kek_swadesh-1	kek	ear	xic	ʃic	
rosettaproject_kek_swadesh-1	kek	earth	ch\och\	ʧʼoʧʼ	
rosettaproject_kek_swadesh-1	kek	eat	wa\ac	waʔac	
rosettaproject_kek_swadesh-1	kek	egg	mol	mol	
rosettaproject_kek_swadesh-1	kek	eye	nak\ a·wu	nakʼ aːwu	
rosettaproject_kek_swadesh-1	kek	fall	-		
rosettaproject_kek_swadesh-1	kek	far	najt	naxt	
rosettaproject_kek_swadesh-1	kek	fat (n.)	mante·c	manteːc	
rosettaproject_kek_swadesh-1	kek	fear	naxuwac	naʃuwac	
rosettaproject_kek_swadesh-1	kek	feather	xic\	ʃicʼ	
rosettaproject_kek_swadesh-1	kek	fingernail	xi\ij	ʃiʔix	
rosettaproject_kek_swadesh-1	kek	fire	xam	ʃam	
rosettaproject_kek_swadesh-1	kek	fish	car	car	
rosettaproject_kek_swadesh-1	kek	five	o·b\	oːɓ	
rosettaproject_kek_swadesh-1	kek	fly (v.)	rupupic	rupupic	
rosettaproject_kek_swadesh-1	kek	fog	xchu\que	ʃʧuʔke	
rosettaproject_kek_swadesh-1	kek	foot	kok	kok	
rosettaproject_kek_swadesh-1	kek	four	ca·hib\	caːhiɓ	
rosettaproject_kek_swadesh-1	kek	fruit	ru qui\il k\e·n	ru kiʔil kʼeːn	
rosettaproject_kek_swadesh-1	kek	full	nujenak	nuxenak	
rosettaproject_kek_swadesh-1	kek	give	tinq\ue	tinqʼue	
rosettaproject_kek_swadesh-1	kek	good	cha·b\ileb\	ʧaːɓileɓ	
rosettaproject_kek_swadesh-1	kek	green	raxi	raʃi	
rosettaproject_kek_swadesh-1	kek	hair	cuismal	cuismal	
rosettaproject_kek_swadesh-1	kek	hand	wuk\	wukʼ	
rosettaproject_kek_swadesh-1	kek	head	jolom	xolom	
rosettaproject_kek_swadesh-1	kek	hear	wab\	waɓ	
rosettaproject_kek_swadesh-1	kek	heart	ch\o·l	ʧʼoːl	
rosettaproject_kek_swadesh-1	kek	heavy	a·l	aːl	
rosettaproject_kek_swadesh-1	kek	here	arin	arin	
rosettaproject_kek_swadesh-1	kek	hit	toch\oc	toʧʼoc	
rosettaproject_kek_swadesh-1	kek	horn	xucub\	ʃucuɓ	
rosettaproject_kek_swadesh-1	kek	how?	ani	ani	
rosettaproject_kek_swadesh-1	kek	husband	b\e·lom	ɓeːlom	
rosettaproject_kek_swadesh-1	kek	i	in	in	
rosettaproject_kek_swadesh-1	kek	kill	camsi	camsi	
rosettaproject_kek_swadesh-1	kek	knee	b\e·n wak	ɓeːn wak	
rosettaproject_kek_swadesh-1	kek	know	canau	canau	
rosettaproject_kek_swadesh-1	kek	lake	palau	palau	
rosettaproject_kek_swadesh-1	kek	laugh	se\ec	seʔec	
rosettaproject_kek_swadesh-1	kek	leaf	xak	ʃak	
rosettaproject_kek_swadesh-1	kek	left	tz\e	ʦʼe	
rosettaproject_kek_swadesh-1	kek	lie	yocyo	jocjo	
rosettaproject_kek_swadesh-1	kek	liver	ch\och\	ʧʼoʧʼ	
rosettaproject_kek_swadesh-1	kek	long	najt rok	naxt rok	
rosettaproject_kek_swadesh-1	kek	louse	uc\	ucʼ	
rosettaproject_kek_swadesh-1	kek	man	wi·nk	wiːnk	
rosettaproject_kek_swadesh-1	kek	meat	tib\el	tiɓel	
rosettaproject_kek_swadesh-1	kek	moon	po	po	
rosettaproject_kek_swadesh-1	kek	mountain	tzu·l	ʦuːl	
rosettaproject_kek_swadesh-1	kek	mouth	re	re	
rosettaproject_kek_swadesh-1	kek	name	c\ab\a\	cʼaɓaʔ	
rosettaproject_kek_swadesh-1	kek	near	nach\	naʧʼ	
rosettaproject_kek_swadesh-1	kek	neck	cux	cuʃ	
rosettaproject_kek_swadesh-1	kek	new	ac\	acʼ	
rosettaproject_kek_swadesh-1	kek	night	chi k\ek	ʧi kʼek	
rosettaproject_kek_swadesh-1	kek	nose	wu\uj	wuʔux	
rosettaproject_kek_swadesh-1	kek	one	jun	xun	
rosettaproject_kek_swadesh-1	kek	other	jun chic	xun ʧic	
rosettaproject_kek_swadesh-1	kek	person	cristia·n	cristiaːn	
rosettaproject_kek_swadesh-1	kek	pull	quelo·nc	keloːnc	
rosettaproject_kek_swadesh-1	kek	rain	hab\	haɓ	
rosettaproject_kek_swadesh-1	kek	red	cakeb\	cakeɓ	
rosettaproject_kek_swadesh-1	kek	right	nim	nim	
rosettaproject_kek_swadesh-1	kek	river	nimha\	nimhaʔ	
rosettaproject_kek_swadesh-1	kek	road	ch\ina b\e	ʧʼina ɓe	
rosettaproject_kek_swadesh-1	kek	root	xe\	ʃeʔ	
rosettaproject_kek_swadesh-1	kek	rope	c\am	cʼam	
rosettaproject_kek_swadesh-1	kek	rotten	k\aynak	kʼajnak	
rosettaproject_kek_swadesh-1	kek	round	sursu	sursu	
rosettaproject_kek_swadesh-1	kek	sand	samahib\	samahiɓ	
rosettaproject_kek_swadesh-1	kek	say	yehoc	jehoc	
rosettaproject_kek_swadesh-1	kek	see	il	il	
rosettaproject_kek_swadesh-1	kek	seed	iyaj	ijax	
rosettaproject_kek_swadesh-1	kek	sing	b\icha·nc	ɓiʧaːnc	
rosettaproject_kek_swadesh-1	kek	sit	c\ojc\o	cʼoxcʼo	
rosettaproject_kek_swadesh-1	kek	skin	tz\umal	ʦʼumal	
rosettaproject_kek_swadesh-1	kek	sleep	war	war	
rosettaproject_kek_swadesh-1	kek	smell	coc\o	cocʼo	
rosettaproject_kek_swadesh-1	kek	smoke	sib\	siɓ	
rosettaproject_kek_swadesh-1	kek	stab	hopoc	hopoc	
rosettaproject_kek_swadesh-1	kek	stand	xakxo	ʃakʃo	
rosettaproject_kek_swadesh-1	kek	star	chahim	ʧahim	
rosettaproject_kek_swadesh-1	kek	stone	ca\	caʔ	
rosettaproject_kek_swadesh-1	kek	stone	pec	pec	
rosettaproject_kek_swadesh-1	kek	suck	tz\ub\uc	ʦʼuɓuc	
rosettaproject_kek_swadesh-1	kek	sun	sak\e	sakʼe	
rosettaproject_kek_swadesh-1	kek	swell	sipoc	sipoc	
rosettaproject_kek_swadesh-1	kek	swim	numxic	numʃic	
rosettaproject_kek_swadesh-1	kek	tail	ye	je	
rosettaproject_kek_swadesh-1	kek	that	a\an	aʔan	
rosettaproject_kek_swadesh-1	kek	there	aran	aran	
rosettaproject_kek_swadesh-1	kek	thick	pim	pim	
rosettaproject_kek_swadesh-1	kek	thin	pi\ pam	piʔ pam	
rosettaproject_kek_swadesh-1	kek	this	a\in	aʔin	
rosettaproject_kek_swadesh-1	kek	thou	at	at	
rosettaproject_kek_swadesh-1	kek	tongue	ru\uj wak\	ruʔux wakʼ	
rosettaproject_kek_swadesh-1	kek	tooth	ca\	caʔ	
rosettaproject_kek_swadesh-1	kek	tooth	ruch ke	ruʧ ke	
rosettaproject_kek_swadesh-1	kek	tree	che\	ʧeʔ	
rosettaproject_kek_swadesh-1	kek	two	ca\ib\	caʔiɓ	
rosettaproject_kek_swadesh-1	kek	walk	b\e·c	ɓeːc	
rosettaproject_kek_swadesh-1	kek	warm	tikwal	tikwal	
rosettaproject_kek_swadesh-1	kek	wash	ch\aj	ʧʼax	
rosettaproject_kek_swadesh-1	kek	wash	puch\	puʧʼ	
rosettaproject_kek_swadesh-1	kek	water	ha\	haʔ	
rosettaproject_kek_swadesh-1	kek	we	o	o	
rosettaproject_kek_swadesh-1	kek	wet	ťakťak	ak ak	
rosettaproject_kek_swadesh-1	kek	what	c\a\ru	cʼaʔru	
rosettaproject_kek_swadesh-1	kek	when?	jo\k\e	xoʔkʼe	
rosettaproject_kek_swadesh-1	kek	where?	b\ar	ɓar	
rosettaproject_kek_swadesh-1	kek	white	sak	sak	
rosettaproject_kek_swadesh-1	kek	who	ani	ani	
rosettaproject_kek_swadesh-1	kek	wife	ixakil	iʃakil	
rosettaproject_kek_swadesh-1	kek	woman	ixk	iʃk	
rosettaproject_kek_swadesh-1	kek	woman	mo·s	moːs	
rosettaproject_kek_swadesh-1	kek	ye	la.ex	la eʃ	
rosettaproject_kek_swadesh-1	kek	year	chihab\	ʧihaɓ	
rosettaproject_kek_swadesh-1	kek	yellow	k\an	kʼan	
rosettaproject_mam_swadesh-1	mam	all	cycyaki·l	cjcjakiːl	
rosettaproject_mam_swadesh-1	mam	ashes	tza\j	ʦaʔx	
rosettaproject_mam_swadesh-1	mam	bark	co·mal	coːmal	
rosettaproject_mam_swadesh-1	mam	big	ma\	maʔ	
rosettaproject_mam_swadesh-1	mam	bird	ch\it	ʧʼit	
rosettaproject_mam_swadesh-1	mam	bite	tx\ya·n	ʧʼjaːn	
rosettaproject_mam_swadesh-1	mam	black	k\ak ti\j	kʼak tiʔx	
rosettaproject_mam_swadesh-1	mam	blood	chc\e	ʧcʼe	
rosettaproject_mam_swadesh-1	mam	blow	ẍu·pin	uːpin	
rosettaproject_mam_swadesh-1	mam	bone	b\a·k	ɓaːk	
rosettaproject_mam_swadesh-1	mam	breast	ke \i·mj	ke ʔiːmx	
rosettaproject_mam_swadesh-1	mam	burn	c\ant	cʼant	
rosettaproject_mam_swadesh-1	mam	child	c\wa\l	cʼwaʔl	
rosettaproject_mam_swadesh-1	mam	cloud	mu·j	muːx	
rosettaproject_mam_swadesh-1	mam	cold	che\w	ʧeʔw	
rosettaproject_mam_swadesh-1	mam	come	\u·l	ʔuːl	
rosettaproject_mam_swadesh-1	mam	cut	jilin	xilin	
rosettaproject_mam_swadesh-1	mam	day	k\i·j	kʼiːx	
rosettaproject_mam_swadesh-1	mam	die	cyim	cjim	
rosettaproject_mam_swadesh-1	mam	dig	Icu·ne	icuːne	
rosettaproject_mam_swadesh-1	mam	dog	tx\ya·n	ʧʼjaːn	
rosettaproject_mam_swadesh-1	mam	drink	c\a·na	cʼaːna	
rosettaproject_mam_swadesh-1	mam	dry	tzki·j	ʦkiːx	
rosettaproject_mam_swadesh-1	mam	dust	puklaj	puklax	
rosettaproject_mam_swadesh-1	mam	ear	xcyin	ʃcjin	
rosettaproject_mam_swadesh-1	mam	earth	tx\otx\	ʧʼoʧʼ	
rosettaproject_mam_swadesh-1	mam	eat	wa\n	waʔn	
rosettaproject_mam_swadesh-1	mam	egg	jos	xos	
rosettaproject_mam_swadesh-1	mam	eye	b\ak\ cywitze	ɓakʼ cjwiʦe	
rosettaproject_mam_swadesh-1	mam	fall	cu\tz tz\ak	cuʔʦ ʦʼak	
rosettaproject_mam_swadesh-1	mam	far	nakchak	nakʧak	
rosettaproject_mam_swadesh-1	mam	fat (n.)	mante·c	manteːc	
rosettaproject_mam_swadesh-1	mam	fear	xob\	ʃoɓ	
rosettaproject_mam_swadesh-1	mam	feather	t-sma·l	t smaːl	
rosettaproject_mam_swadesh-1	mam	fingernail	t-xc\yak	t ʃcʼjak	
rosettaproject_mam_swadesh-1	mam	fire	k\a·k\	kʼaːkʼ	
rosettaproject_mam_swadesh-1	mam	fish	cyix	cjiʃ	
rosettaproject_mam_swadesh-1	mam	five	jwe\	xweʔ	
rosettaproject_mam_swadesh-1	mam	fly (v.)	li·pan	liːpan	
rosettaproject_mam_swadesh-1	mam	fog	k\ak mu·j	kʼak muːx	
rosettaproject_mam_swadesh-1	mam	foot	kkan	kkan	
rosettaproject_mam_swadesh-1	mam	four	cya·j	cjaːx	
rosettaproject_mam_swadesh-1	mam	fruit	lob\j	loɓx	
rosettaproject_mam_swadesh-1	mam	full	nojn	noxn	
rosettaproject_mam_swadesh-1	mam	give	k\o\ne	kʼoʔne	
rosettaproject_mam_swadesh-1	mam	good	b\a\n ke	ɓaʔn ke	
rosettaproject_mam_swadesh-1	mam	green	cha\ ẍ	ʧaʔ	
rosettaproject_mam_swadesh-1	mam	hair	sma·l	smaːl	
rosettaproject_mam_swadesh-1	mam	hand	nk\ab\e	nkʼaɓe	
rosettaproject_mam_swadesh-1	mam	head	nwi\ye	nwiʔje	
rosettaproject_mam_swadesh-1	mam	hear	olt	olt	
rosettaproject_mam_swadesh-1	mam	heart	ta·nmiya	taːnmija	
rosettaproject_mam_swadesh-1	mam	heavy	a·l	aːl	
rosettaproject_mam_swadesh-1	mam	here	tzalu\	ʦaluʔ	
rosettaproject_mam_swadesh-1	mam	hit	b\u·jine	ɓuːxine	
rosettaproject_mam_swadesh-1	mam	horn	tca·ch	tcaːʧ	
rosettaproject_mam_swadesh-1	mam	how?	ti	ti	
rosettaproject_mam_swadesh-1	mam	husband	tchmi·l	tʧmiːl	
rosettaproject_mam_swadesh-1	mam	i	a·yine	aːjine	
rosettaproject_mam_swadesh-1	mam	kill	tb\yo\n	tɓjoʔn	
rosettaproject_mam_swadesh-1	mam	knee	nch\e·cye	nʧʼeːcje	
rosettaproject_mam_swadesh-1	mam	know	tb\i·ya	tɓiːja	
rosettaproject_mam_swadesh-1	mam	lake	njab\	nxaɓ	
rosettaproject_mam_swadesh-1	mam	laugh	in tze/n	in ʦe, n	
rosettaproject_mam_swadesh-1	mam	leaf	ẍa·k	aːk	
rosettaproject_mam_swadesh-1	mam	left	tna·yaj	tnaːjax	
rosettaproject_mam_swadesh-1	mam	lie	coxl	coʃl	
rosettaproject_mam_swadesh-1	mam	liver	ttx\o·tx\	tʧʼoːʧʼ	
rosettaproject_mam_swadesh-1	mam	long	ẍyu·kb\i	juːkɓi	
rosettaproject_mam_swadesh-1	mam	louse	xkuc\	ʃkucʼ	
rosettaproject_mam_swadesh-1	mam	man	ẍi·nak	iːnak	
rosettaproject_mam_swadesh-1	mam	meat	chib\	ʧiɓ	
rosettaproject_mam_swadesh-1	mam	moon	ẍja·w	xaːw	
rosettaproject_mam_swadesh-1	mam	mountain	witz	wiʦ	
rosettaproject_mam_swadesh-1	mam	mouth	ttzi\	tʦiʔ	
rosettaproject_mam_swadesh-1	mam	name	tb\i	tɓi	
rosettaproject_mam_swadesh-1	mam	near	nika·yin	nikaːjin	
rosettaproject_mam_swadesh-1	mam	neck	tkula	tkula	
rosettaproject_mam_swadesh-1	mam	new	ac\aj	acʼax	
rosettaproject_mam_swadesh-1	mam	night	koni·c\an	koniːcʼan	
rosettaproject_mam_swadesh-1	mam	nose	ttxa\na	tʧaʔna	
rosettaproject_mam_swadesh-1	mam	one	jun	xun	
rosettaproject_mam_swadesh-1	mam	other	ju·ntl	xuːntl	
rosettaproject_mam_swadesh-1	mam	person	ẍja·l	xaːl	
rosettaproject_mam_swadesh-1	mam	pull	njawo\ne	nxawoʔne	
rosettaproject_mam_swadesh-1	mam	rain	jb\a·l	xɓaːl	
rosettaproject_mam_swadesh-1	mam	red	cyak	cjak	
rosettaproject_mam_swadesh-1	mam	right	tb\a·nk\ab\	tɓaːnkʼaɓ	
rosettaproject_mam_swadesh-1	mam	river	ni\ma	niʔma	
rosettaproject_mam_swadesh-1	mam	road	tk\ab\b\e	tkʼaɓɓe	
rosettaproject_mam_swadesh-1	mam	root	tloc	tloc	
rosettaproject_mam_swadesh-1	mam	rope	ch\e\ch	ʧʼeʔʧ	
rosettaproject_mam_swadesh-1	mam	rope	d\yja·j	dʼjxaːx	
rosettaproject_mam_swadesh-1	mam	rotten	k\ayn	kʼajn	
rosettaproject_mam_swadesh-1	mam	round	tulin ti\j	tulin tiʔx	
rosettaproject_mam_swadesh-1	mam	sand	pokla·j	poklaːx	
rosettaproject_mam_swadesh-1	mam	say	al	al	
rosettaproject_mam_swadesh-1	mam	see	tx\ya·n	ʧʼjaːn	
rosettaproject_mam_swadesh-1	mam	seed	\i·yaj	ʔiːjax	
rosettaproject_mam_swadesh-1	mam	sing	b\i·tzuna	ɓiːʦuna	
rosettaproject_mam_swadesh-1	mam	sit	k\ukl	kʼukl	
rosettaproject_mam_swadesh-1	mam	skin	tz\u·mile	ʦʼuːmile	
rosettaproject_mam_swadesh-1	mam	sleep	ta·nẍa	taːn a	
rosettaproject_mam_swadesh-1	mam	smell	ko\	koʔ	
rosettaproject_mam_swadesh-1	mam	smoke	sib\	siɓ	
rosettaproject_mam_swadesh-1	mam	stab	ẍayu·ne	ajuːne	
rosettaproject_mam_swadesh-1	mam	stand	wa\l	waʔl	
rosettaproject_mam_swadesh-1	mam	star	che\w	ʧeʔw	
rosettaproject_mam_swadesh-1	mam	stone	cya\	cjaʔ	
rosettaproject_mam_swadesh-1	mam	stone	ẍak	ak	
rosettaproject_mam_swadesh-1	mam	suck	tz\u·n	ʦʼuːn	
rosettaproject_mam_swadesh-1	mam	sun	k\i·j	kʼiːx	
rosettaproject_mam_swadesh-1	mam	swell	ẍi ma·l	i maːl	
rosettaproject_mam_swadesh-1	mam	swim	ẍnu\ïne	nuʔɨne	
rosettaproject_mam_swadesh-1	mam	tail	tje\	txeʔ	
rosettaproject_mam_swadesh-1	mam	that	cbi·ẍ	cbiː	
rosettaproject_mam_swadesh-1	mam	there	ma chi·ẍ	ma ʧiː	
rosettaproject_mam_swadesh-1	mam	thick	pi·m	piːm	
rosettaproject_mam_swadesh-1	mam	thin	xax	ʃaʃ	
rosettaproject_mam_swadesh-1	mam	this	lu\	luʔ	
rosettaproject_mam_swadesh-1	mam	thou	a·ya	aːja	
rosettaproject_mam_swadesh-1	mam	tongue	wa·k\e	waːkʼe	
rosettaproject_mam_swadesh-1	mam	tooth	ke tcya\ya	ke tcjaʔja	
rosettaproject_mam_swadesh-1	mam	tooth	twitz ke\	twiʦ keʔ	
rosettaproject_mam_swadesh-1	mam	tree	tze\	ʦeʔ	
rosettaproject_mam_swadesh-1	mam	two	cab\	caɓ	
rosettaproject_mam_swadesh-1	mam	walk	b\e·t	ɓeːt	
rosettaproject_mam_swadesh-1	mam	warm	cyka\	cjkaʔ	
rosettaproject_mam_swadesh-1	mam	wash	cytx\jo\n	cjʧʼxoʔn	
rosettaproject_mam_swadesh-1	mam	water	\a\	ʔaʔ	
rosettaproject_mam_swadesh-1	mam	we	ko\	koʔ	
rosettaproject_mam_swadesh-1	mam	wet	\ac\naj	ʔacʼnax	
rosettaproject_mam_swadesh-1	mam	what	ti	ti	
rosettaproject_mam_swadesh-1	mam	when?	jtoj b\an	xtox ɓan	
rosettaproject_mam_swadesh-1	mam	where?	ja ta\ya	xa taʔja	
rosettaproject_mam_swadesh-1	mam	white	sak	sak	
rosettaproject_mam_swadesh-1	mam	who	\alcye·	ʔalcjeː	
rosettaproject_mam_swadesh-1	mam	wife	t-ẍu\jil	t uʔxil	
rosettaproject_mam_swadesh-1	mam	woman	txi·n	ʧiːn	
rosettaproject_mam_swadesh-1	mam	woman	ẍu\j	uʔx	
rosettaproject_mam_swadesh-1	mam	ye	\a·keye	ʔaːkeje	
rosettaproject_mam_swadesh-1	mam	year	\ab\k\i	ʔaɓkʼi	
rosettaproject_mam_swadesh-1	mam	yellow	xk\an	ʃkʼan	
rosettaproject_poc_swadesh-1	poc	all	chunchel	ʧunʧel	
rosettaproject_poc_swadesh-1	poc	all	ke\entero	keʔentero	
rosettaproject_poc_swadesh-1	poc	ashes	cha·j	ʧaːx	
rosettaproject_poc_swadesh-1	poc	ashes	sa\ chahj	saʔ ʧahx	
rosettaproject_poc_swadesh-1	poc	bark	k\as	kʼas	
rosettaproject_poc_swadesh-1	poc	bark	yoc\oj che	jocʼox ʧe	
rosettaproject_poc_swadesh-1	poc	big	nim	nim	
rosettaproject_poc_swadesh-1	poc	bird	chicop	ʧicop	
rosettaproject_poc_swadesh-1	poc	bird	tz\iquin	ʦʼikin	
rosettaproject_poc_swadesh-1	poc	bite	tiu	tiu	
rosettaproject_poc_swadesh-1	poc	bite	wahach	wahaʧ	
rosettaproject_poc_swadesh-1	poc	black	k\ek	kʼek	
rosettaproject_poc_swadesh-1	poc	blood	quic\	kicʼ	
rosettaproject_poc_swadesh-1	poc	blood	wic\	wicʼ	
rosettaproject_poc_swadesh-1	poc	blow	-		
rosettaproject_poc_swadesh-1	poc	blow	ahlinic	ahlinic	
rosettaproject_poc_swadesh-1	poc	bone	b\ak	ɓak	
rosettaproject_poc_swadesh-1	poc	bone	wak	wak	
rosettaproject_poc_swadesh-1	poc	breast	chuch	ʧuʧ	
rosettaproject_poc_swadesh-1	poc	breast	wach a k\ox	waʧ a kʼoʃ	
rosettaproject_poc_swadesh-1	poc	burn	c\atom	cʼatom	
rosettaproject_poc_swadesh-1	poc	burn	copic	copic	
rosettaproject_poc_swadesh-1	poc	child	pi\ ac\on	piʔ acʼon	
rosettaproject_poc_swadesh-1	poc	child	q\uisac\un	qʼuisacʼun	
rosettaproject_poc_swadesh-1	poc	cloud	co\ sutz\	coʔ suʦʼ	
rosettaproject_poc_swadesh-1	poc	cloud	su·tz\	suːʦʼ	
rosettaproject_poc_swadesh-1	poc	cold	c\uxic	cʼuʃic	
rosettaproject_poc_swadesh-1	poc	come	chale	ʧale	
rosettaproject_poc_swadesh-1	poc	come	cojic	coxic	
rosettaproject_poc_swadesh-1	poc	cut	-		
rosettaproject_poc_swadesh-1	poc	cut	yoc\oj	jocʼox	
rosettaproject_poc_swadesh-1	poc	day	k\ij	kʼix	
rosettaproject_poc_swadesh-1	poc	die	kime	kime	
rosettaproject_poc_swadesh-1	poc	die	quim	kim	
rosettaproject_poc_swadesh-1	poc	dig	-		
rosettaproject_poc_swadesh-1	poc	dig	c\ot	cʼot	
rosettaproject_poc_swadesh-1	poc	dog	tz\e\	ʦʼeʔ	
rosettaproject_poc_swadesh-1	poc	dog	tz\i\	ʦʼiʔ	
rosettaproject_poc_swadesh-1	poc	drink	uc\	ucʼ	
rosettaproject_poc_swadesh-1	poc	dry	chikij	ʧikix	
rosettaproject_poc_swadesh-1	poc	dry	chiquic	ʧikic	
rosettaproject_poc_swadesh-1	poc	dust	pokolah	pokolah	
rosettaproject_poc_swadesh-1	poc	dust	po·k	poːk	
rosettaproject_poc_swadesh-1	poc	ear	xiquin	ʃikin	
rosettaproject_poc_swadesh-1	poc	earth	ac\al	acʼal	
rosettaproject_poc_swadesh-1	poc	earth	ak\a\l	akʼaʔl	
rosettaproject_poc_swadesh-1	poc	eat	k\oxom	kʼoʃom	
rosettaproject_poc_swadesh-1	poc	eat	wi\ic	wiʔic	
rosettaproject_poc_swadesh-1	poc	egg	maloj	malox	
rosettaproject_poc_swadesh-1	poc	egg	miloj	milox	
rosettaproject_poc_swadesh-1	poc	eye	nak\ wach	nakʼ waʧ	
rosettaproject_poc_swadesh-1	poc	eye	nuk\ wa·ch	nukʼ waːʧ	
rosettaproject_poc_swadesh-1	poc	fall	-		
rosettaproject_poc_swadesh-1	poc	fall	k\ehb\ic	kʼehɓic	
rosettaproject_poc_swadesh-1	poc	far	najt	naxt	
rosettaproject_poc_swadesh-1	poc	fat (n.)	k\ina·\	kʼinaːʔ	
rosettaproject_poc_swadesh-1	poc	fat (n.)	manteca	manteca	
rosettaproject_poc_swadesh-1	poc	father	rij	rix	
rosettaproject_poc_swadesh-1	poc	fear	-		
rosettaproject_poc_swadesh-1	poc	fear	yohjic	johxic	
rosettaproject_poc_swadesh-1	poc	feather	pluma	pluma	
rosettaproject_poc_swadesh-1	poc	feather	rij	rix	
rosettaproject_poc_swadesh-1	poc	fingernail	ixcak	iʃcak	
rosettaproject_poc_swadesh-1	poc	fingernail	ixkak	iʃkak	
rosettaproject_poc_swadesh-1	poc	fire	k\ak\	kʼakʼ	
rosettaproject_poc_swadesh-1	poc	fire	k\a·k	kʼaːk	
rosettaproject_poc_swadesh-1	poc	fish	car	car	
rosettaproject_poc_swadesh-1	poc	five	ho\ob\	hoʔoɓ	
rosettaproject_poc_swadesh-1	poc	five	ho\wab\	hoʔwaɓ	
rosettaproject_poc_swadesh-1	poc	fly (v.)	purinic	purinic	
rosettaproject_poc_swadesh-1	poc	fly (v.)	rupur	rupur	
rosettaproject_poc_swadesh-1	poc	fog	-		
rosettaproject_poc_swadesh-1	poc	fog	mutz\ jab\	muʦʼ xaɓ	
rosettaproject_poc_swadesh-1	poc	foot	ok	ok	
rosettaproject_poc_swadesh-1	poc	foot	tuk	tuk	
rosettaproject_poc_swadesh-1	poc	four	qui\ib\	kiʔiɓ	
rosettaproject_poc_swadesh-1	poc	four	quijib\	kixiɓ	
rosettaproject_poc_swadesh-1	poc	fruit	-		
rosettaproject_poc_swadesh-1	poc	fruit	wa\ che·	waʔ ʧeː	
rosettaproject_poc_swadesh-1	poc	full	noajenak	noaxenak	
rosettaproject_poc_swadesh-1	poc	full	nujinak	nuxinak	
rosettaproject_poc_swadesh-1	poc	give	rula\	rulaʔ	
rosettaproject_poc_swadesh-1	poc	give	yeu	jeu	
rosettaproject_poc_swadesh-1	poc	good	atob\	atoɓ	
rosettaproject_poc_swadesh-1	poc	good	no\ wajal	noʔ waxal	
rosettaproject_poc_swadesh-1	poc	green	rax	raʃ	
rosettaproject_poc_swadesh-1	poc	hair	nah	nah	
rosettaproject_poc_swadesh-1	poc	hair	rismal nah	rismal nah	
rosettaproject_poc_swadesh-1	poc	hand	k\ab\	kʼaɓ	
rosettaproject_poc_swadesh-1	poc	head	jalom	xalom	
rosettaproject_poc_swadesh-1	poc	head	nah	nah	
rosettaproject_poc_swadesh-1	poc	hear	b\ir	ɓir	
rosettaproject_poc_swadesh-1	poc	hear	waraj	warax	
rosettaproject_poc_swadesh-1	poc	heart	anima	anima	
rosettaproject_poc_swadesh-1	poc	heart	chunwalma	ʧunwalma	
rosettaproject_poc_swadesh-1	poc	heavy	ahl	ahl	
rosettaproject_poc_swadesh-1	poc	here	ayu\	ajuʔ	
rosettaproject_poc_swadesh-1	poc	here	riyu\	rijuʔ	
rosettaproject_poc_swadesh-1	poc	hit	-		
rosettaproject_poc_swadesh-1	poc	hit	k\oj	kʼox	
rosettaproject_poc_swadesh-1	poc	horn	oc\a\	ocʼaʔ	
rosettaproject_poc_swadesh-1	poc	horn	ruc\a·\	rucʼaːʔ	
rosettaproject_poc_swadesh-1	poc	how?	-		
rosettaproject_poc_swadesh-1	poc	how?	ch\i	ʧʼi	
rosettaproject_poc_swadesh-1	poc	husband	b\ahil	ɓahil	
rosettaproject_poc_swadesh-1	poc	husband	wahil	wahil	
rosettaproject_poc_swadesh-1	poc	i	bin	bin	
rosettaproject_poc_swadesh-1	poc	i	hin	hin	
rosettaproject_poc_swadesh-1	poc	kill	cans	cans	
rosettaproject_poc_swadesh-1	poc	kill	cansa·	cansaː	
rosettaproject_poc_swadesh-1	poc	knee	nah chehc	nah ʧehc	
rosettaproject_poc_swadesh-1	poc	knee	wach chak	waʧ ʧak	
rosettaproject_poc_swadesh-1	poc	know	atalim	atalim	
rosettaproject_poc_swadesh-1	poc	know	ehťal	eh al	
rosettaproject_poc_swadesh-1	poc	lake	ha\	haʔ	
rosettaproject_poc_swadesh-1	poc	lake	palau	palau	
rosettaproject_poc_swadesh-1	poc	laugh	-		
rosettaproject_poc_swadesh-1	poc	laugh	se\el	seʔel	
rosettaproject_poc_swadesh-1	poc	leaf	xak	ʃak	
rosettaproject_poc_swadesh-1	poc	left	-		
rosettaproject_poc_swadesh-1	poc	left	tz\et	ʦʼet	
rosettaproject_poc_swadesh-1	poc	lie	yocic	jocic	
rosettaproject_poc_swadesh-1	poc	lie	yok	jok	
rosettaproject_poc_swadesh-1	poc	liver	\igado	ʔigado	
rosettaproject_poc_swadesh-1	poc	liver	tamat	tamat	
rosettaproject_poc_swadesh-1	poc	long	nim	nim	
rosettaproject_poc_swadesh-1	poc	long	niŋ wach	ni waʧ	
rosettaproject_poc_swadesh-1	poc	louse	tamat	tamat	
rosettaproject_poc_swadesh-1	poc	louse	uc\	ucʼ	
rosettaproject_poc_swadesh-1	poc	man	winak	winak	
rosettaproject_poc_swadesh-1	poc	meat	ch\ac	ʧʼac	
rosettaproject_poc_swadesh-1	poc	meat	tib\cal	tiɓcal	
rosettaproject_poc_swadesh-1	poc	moon	ch\um poh	ʧʼum poh	
rosettaproject_poc_swadesh-1	poc	moon	poh	poh	
rosettaproject_poc_swadesh-1	poc	mountain	rax che·	raʃ ʧeː	
rosettaproject_poc_swadesh-1	poc	mountain	yuk\	jukʼ	
rosettaproject_poc_swadesh-1	poc	mouth	chi\	ʧiʔ	
rosettaproject_poc_swadesh-1	poc	mouth	chi·	ʧiː	
rosettaproject_poc_swadesh-1	poc	name	b\ih	ɓih	
rosettaproject_poc_swadesh-1	poc	name	wih	wih	
rosettaproject_poc_swadesh-1	poc	near	loho\ ti	lohoʔ ti	
rosettaproject_poc_swadesh-1	poc	near	ma najt taj	ma naxt tax	
rosettaproject_poc_swadesh-1	poc	neck	alak	alak	
rosettaproject_poc_swadesh-1	poc	new	ac\	acʼ	
rosettaproject_poc_swadesh-1	poc	night	chak\ab\	ʧakʼaɓ	
rosettaproject_poc_swadesh-1	poc	nose	jo\	xoʔ	
rosettaproject_poc_swadesh-1	poc	nose	ju\	xuʔ	
rosettaproject_poc_swadesh-1	poc	one	jinaj	xinax	
rosettaproject_poc_swadesh-1	poc	other	-		
rosettaproject_poc_swadesh-1	poc	other	tocom	tocom	
rosettaproject_poc_swadesh-1	poc	person	cristianu	cristianu	
rosettaproject_poc_swadesh-1	poc	person	maj winak	max winak	
rosettaproject_poc_swadesh-1	poc	pull	-		
rosettaproject_poc_swadesh-1	poc	pull	quer	ker	
rosettaproject_poc_swadesh-1	poc	rain	jab\	xaɓ	
rosettaproject_poc_swadesh-1	poc	red	cak	cak	
rosettaproject_poc_swadesh-1	poc	right	-		
rosettaproject_poc_swadesh-1	poc	right	sac\aj	sacʼax	
rosettaproject_poc_swadesh-1	poc	river	nim ha\	nim haʔ	
rosettaproject_poc_swadesh-1	poc	river	sa\ la ha\	saʔ la haʔ	
rosettaproject_poc_swadesh-1	poc	road	rok yu·k\/b\e	rok juːkʼ, ɓe	
rosettaproject_poc_swadesh-1	poc	road	wieh	wieh	
rosettaproject_poc_swadesh-1	poc	root	ra·\	raːʔ	
rosettaproject_poc_swadesh-1	poc	root	yuhm	juhm	
rosettaproject_poc_swadesh-1	poc	rope	c\aham	cʼaham	
rosettaproject_poc_swadesh-1	poc	rope	laso	laso	
rosettaproject_poc_swadesh-1	poc	rope	lasuh	lasuh	
rosettaproject_poc_swadesh-1	poc	rope	sajqui	saxki	
rosettaproject_poc_swadesh-1	poc	rotten	k\ah	kʼah	
rosettaproject_poc_swadesh-1	poc	rotten	k\ahlam	kʼahlam	
rosettaproject_poc_swadesh-1	poc	round	cotoquic	cotokic	
rosettaproject_poc_swadesh-1	poc	round	junc\oh	xuncʼoh	
rosettaproject_poc_swadesh-1	poc	sand	saminib\	saminiɓ	
rosettaproject_poc_swadesh-1	poc	sand	sanib\	saniɓ	
rosettaproject_poc_swadesh-1	poc	say	k\oric	kʼoric	
rosettaproject_poc_swadesh-1	poc	say	rokax	rokaʃ	
rosettaproject_poc_swadesh-1	poc	see	il	il	
rosettaproject_poc_swadesh-1	poc	see	rola\	rolaʔ	
rosettaproject_poc_swadesh-1	poc	seed	ija\	ixaʔ	
rosettaproject_poc_swadesh-1	poc	sing	-		
rosettaproject_poc_swadesh-1	poc	sing	tz\uy/wich	ʦʼuj, wiʧ	
rosettaproject_poc_swadesh-1	poc	sit	ch\ic	ʧʼic	
rosettaproject_poc_swadesh-1	poc	sit	chunic	ʧunic	
rosettaproject_poc_swadesh-1	poc	skin	tz\uhmal	ʦʼuhmal	
rosettaproject_poc_swadesh-1	poc	skin	tz\uhum	ʦʼuhum	
rosettaproject_poc_swadesh-1	poc	sleep	wir	wir	
rosettaproject_poc_swadesh-1	poc	sleep	wiric	wiric	
rosettaproject_poc_swadesh-1	poc	smell	cok tak	cok tak	
rosettaproject_poc_swadesh-1	poc	smell	pi\	piʔ	
rosettaproject_poc_swadesh-1	poc	smoke	sib\	siɓ	
rosettaproject_poc_swadesh-1	poc	smoke	si·b\	siːɓ	
rosettaproject_poc_swadesh-1	poc	stab	-		
rosettaproject_poc_swadesh-1	poc	stab	tok\	tokʼ	
rosettaproject_poc_swadesh-1	poc	stand	pa\	paʔ	
rosettaproject_poc_swadesh-1	poc	stand	pa\ic	paʔic	
rosettaproject_poc_swadesh-1	poc	star	ch\imi·n	ʧʼimiːn	
rosettaproject_poc_swadesh-1	poc	star	ch\umil	ʧʼumil	
rosettaproject_poc_swadesh-1	poc	stone	ab\aj	aɓax	
rosettaproject_poc_swadesh-1	poc	stone	ca\	caʔ	
rosettaproject_poc_swadesh-1	poc	stone	quehb\al/ca\	kehɓal, caʔ	
rosettaproject_poc_swadesh-1	poc	suck	-		
rosettaproject_poc_swadesh-1	poc	suck	tzub\	ʦuɓ	
rosettaproject_poc_swadesh-1	poc	sun	k\ij	kʼix	
rosettaproject_poc_swadesh-1	poc	swell	-		
rosettaproject_poc_swadesh-1	poc	swell	sib\jic	siɓxic	
rosettaproject_poc_swadesh-1	poc	swim	mux	muʃ	
rosettaproject_poc_swadesh-1	poc	swim	nadar	nadar	
rosettaproject_poc_swadesh-1	poc	tail	jia	xia	
rosettaproject_poc_swadesh-1	poc	tail	rije·\	rixeːʔ	
rosettaproject_poc_swadesh-1	poc	that	lo\	loʔ	
rosettaproject_poc_swadesh-1	poc	that	wulu	wulu	
rosettaproject_poc_swadesh-1	poc	there	-		
rosettaproject_poc_swadesh-1	poc	there	ar	ar	
rosettaproject_poc_swadesh-1	poc	thick	nim pam	nim pam	
rosettaproject_poc_swadesh-1	poc	thick	nim pam/pim	nim pam, pim	
rosettaproject_poc_swadesh-1	poc	thin	q\uisin pam	qʼuisin pam	
rosettaproject_poc_swadesh-1	poc	thin	xax/b\ak	ʃaʃ, ɓak	
rosettaproject_poc_swadesh-1	poc	this	wili	wili	
rosettaproject_poc_swadesh-1	poc	thou	hat	hat	
rosettaproject_poc_swadesh-1	poc	tongue	ak\	akʼ	
rosettaproject_poc_swadesh-1	poc	tongue	a·k\	aːkʼ	
rosettaproject_poc_swadesh-1	poc	tooth	e	e	
rosettaproject_poc_swadesh-1	poc	tooth	eh	eh	
rosettaproject_poc_swadesh-1	poc	tooth	nuca\	nucaʔ	
rosettaproject_poc_swadesh-1	poc	tooth	wiah	wiah	
rosettaproject_poc_swadesh-1	poc	tree	che·	ʧeː	
rosettaproject_poc_swadesh-1	poc	tree	chie\	ʧieʔ	
rosettaproject_poc_swadesh-1	poc	two	qui\b\	kiʔɓ	
rosettaproject_poc_swadesh-1	poc	two	qui\ib\	kiʔiɓ	
rosettaproject_poc_swadesh-1	poc	walk	b\ehic	ɓehic	
rosettaproject_poc_swadesh-1	poc	walk	weh	weh	
rosettaproject_poc_swadesh-1	poc	warm	tz\a\	ʦʼaʔ	
rosettaproject_poc_swadesh-1	poc	wash	-		
rosettaproject_poc_swadesh-1	poc	wash	tz\aj	ʦʼax	
rosettaproject_poc_swadesh-1	poc	water	ha\	haʔ	
rosettaproject_poc_swadesh-1	poc	we	hok	hok	
rosettaproject_poc_swadesh-1	poc	we	keh	keh	
rosettaproject_poc_swadesh-1	poc	wet	mojinak	moxinak	
rosettaproject_poc_swadesh-1	poc	wet	tz\akic	ʦʼakic	
rosettaproject_poc_swadesh-1	poc	what	chi\in	ʧiʔin	
rosettaproject_poc_swadesh-1	poc	what	hayura\	hajuraʔ	
rosettaproject_poc_swadesh-1	poc	when?	-		
rosettaproject_poc_swadesh-1	poc	when?	haruj	harux	
rosettaproject_poc_swadesh-1	poc	where?	hayu\	hajuʔ	
rosettaproject_poc_swadesh-1	poc	where?	pah	pah	
rosettaproject_poc_swadesh-1	poc	white	sak	sak	
rosettaproject_poc_swadesh-1	poc	who	ha wach	ha waʧ	
rosettaproject_poc_swadesh-1	poc	who	hayo\	hajoʔ	
rosettaproject_poc_swadesh-1	poc	wife	ehq\uen	ehqʼuen	
rosettaproject_poc_swadesh-1	poc	wife	ixkiel ma\ winak	iʃkiel maʔ winak	
rosettaproject_poc_swadesh-1	poc	woman	ixk\un	iʃkʼun	
rosettaproject_poc_swadesh-1	poc	woman	ixok	iʃok	
rosettaproject_poc_swadesh-1	poc	woman	xila\	ʃilaʔ	
rosettaproject_poc_swadesh-1	poc	ye	hat	hat	
rosettaproject_poc_swadesh-1	poc	ye	hat tak	hat tak	
rosettaproject_poc_swadesh-1	poc	year	hab\	haɓ	
rosettaproject_poc_swadesh-1	poc	year	ha·b\	haːɓ	
rosettaproject_poc_swadesh-1	poc	yellow	k\an	kʼan	
rosettaproject_quc_swadesh-1	quc	all	conojel	conoxel	
rosettaproject_quc_swadesh-1	quc	big	nim	nim	
rosettaproject_quc_swadesh-1	quc	bird	tz\iquin	ʦʼikin	
rosettaproject_quc_swadesh-1	quc	dog	tz\i	ʦʼi	
rosettaproject_quc_swadesh-1	quc	fat (n.)	manteca\	mantecaʔ	
rosettaproject_quc_swadesh-1	quc	fish	cär	cər	
rosettaproject_quc_swadesh-1	quc	i	yin	jin	
rosettaproject_quc_swadesh-1	quc	leaf	uxak	uʃak	
rosettaproject_quc_swadesh-1	quc	long	nim	nim	
rosettaproject_quc_swadesh-1	quc	louse	uc\	ucʼ	
rosettaproject_quc_swadesh-1	quc	man	achi	aʧi	
rosettaproject_quc_swadesh-1	quc	meat	tij	tix	
rosettaproject_quc_swadesh-1	quc	one	jun	xun	
rosettaproject_quc_swadesh-1	quc	person	winak	winak	
rosettaproject_quc_swadesh-1	quc	seed	ija\	ixaʔ	
rosettaproject_quc_swadesh-1	quc	small	ch\uti\n	ʧʼutiʔn	
rosettaproject_quc_swadesh-1	quc	that	le\	leʔ	
rosettaproject_quc_swadesh-1	quc	this	we…ri\	we riʔ	
rosettaproject_quc_swadesh-1	quc	thou	at	at	
rosettaproject_quc_swadesh-1	quc	tree	che\	ʧeʔ	
rosettaproject_quc_swadesh-1	quc	two	queb\	keɓ	
rosettaproject_quc_swadesh-1	quc	we	uj	ux	
rosettaproject_quc_swadesh-1	quc	what	jas	xas	
rosettaproject_quc_swadesh-1	quc	who	jachin	xaʧin	
rosettaproject_quc_swadesh-1	quc	woman	ixok	iʃok	
